Sample_Name	file	mate	structure	construct_type	celltype	genome
23_MK01_ctrl_Fw	7588_1_23_MK01_ctrl_Fw_TAAGGCGA-GCGATCTA_S1_R1_001.fastq.gz	R1	For_SB	SB	mESC	mm10
23_MK01_ctrl_Fw	7588_1_23_MK01_ctrl_Fw_TAAGGCGA-GCGATCTA_S1_R2_001.fastq.gz	R2	For_SB	SB	mESC	mm10
23_MK02_ctrl_Fw	7588_2_23_MK02_ctrl_Fw_TAAGGCGA-ATAGAGAG_S2_R1_001.fastq.gz	R1	For_SB	SB	mESC	mm10
23_MK02_ctrl_Fw	7588_2_23_MK02_ctrl_Fw_TAAGGCGA-ATAGAGAG_S2_R2_001.fastq.gz	R2	For_SB	SB	mESC	mm10
23_MK03_ctrl_Fw	7588_3_23_MK03_ctrl_Fw_TAAGGCGA-AGAGGATA_S3_R1_001.fastq.gz	R1	For_SB	SB	mESC	mm10
23_MK03_ctrl_Fw	7588_3_23_MK03_ctrl_Fw_TAAGGCGA-AGAGGATA_S3_R2_001.fastq.gz	R2	For_SB	SB	mESC	mm10
23_MK01_ctrl_Rv	7588_4_23_MK01_ctrl_Rv_CGTACTAG-GCGATCTA_S4_R1_001.fastq.gz	R1	Rev_SB	SB	mESC	mm10
23_MK01_ctrl_Rv	7588_4_23_MK01_ctrl_Rv_CGTACTAG-GCGATCTA_S4_R2_001.fastq.gz	R2	Rev_SB	SB	mESC	mm10
23_MK02_ctrl_Rv	7588_5_23_MK02_ctrl_Rv_CGTACTAG-ATAGAGAG_S5_R1_001.fastq.gz	R1	Rev_SB	SB	mESC	mm10
23_MK02_ctrl_Rv	7588_5_23_MK02_ctrl_Rv_CGTACTAG-ATAGAGAG_S5_R2_001.fastq.gz	R2	Rev_SB	SB	mESC	mm10
23_MK03_ctrl_Rv	7588_6_23_MK03_ctrl_Rv_CGTACTAG-AGAGGATA_S6_R1_001.fastq.gz	R1	Rev_SB	SB	mESC	mm10
23_MK03_ctrl_Rv	7588_6_23_MK03_ctrl_Rv_CGTACTAG-AGAGGATA_S6_R2_001.fastq.gz	R2	Rev_SB	SB	mESC	mm10
23_MK01_P2_1_Fw	7588_7_23_MK01_P2_1_Fw_AGGCAGAA-TCTACTCT_S7_R1_001.fastq.gz	R1	For_SB	SB	mESC	mm10
23_MK01_P2_1_Fw	7588_7_23_MK01_P2_1_Fw_AGGCAGAA-TCTACTCT_S7_R2_001.fastq.gz	R2	For_SB	SB	mESC	mm10
23_MK01_P2_2_Fw	7588_8_23_MK01_P2_2_Fw_TCCTGAGC-TCTACTCT_S8_R1_001.fastq.gz	R1	For_SB	SB	mESC	mm10
23_MK01_P2_2_Fw	7588_8_23_MK01_P2_2_Fw_TCCTGAGC-TCTACTCT_S8_R2_001.fastq.gz	R2	For_SB	SB	mESC	mm10
23_MK01_P2_3_Fw	7588_9_23_MK01_P2_3_Fw_GGACTCCT-TCTACTCT_S9_R1_001.fastq.gz	R1	For_SB	SB	mESC	mm10
23_MK01_P2_3_Fw	7588_9_23_MK01_P2_3_Fw_GGACTCCT-TCTACTCT_S9_R2_001.fastq.gz	R2	For_SB	SB	mESC	mm10
23_MK01_P2_4_Fw	7588_10_23_MK01_P2_4_Fw_TAGGCATG-TCTACTCT_S10_R1_001.fastq.gz	R1	For_SB	SB	mESC	mm10
23_MK01_P2_4_Fw	7588_10_23_MK01_P2_4_Fw_TAGGCATG-TCTACTCT_S10_R2_001.fastq.gz	R2	For_SB	SB	mESC	mm10
23_MK01_P2_5_Fw	7588_11_23_MK01_P2_5_Fw_CTCTCTAC-TCTACTCT_S11_R1_001.fastq.gz	R1	For_SB	SB	mESC	mm10
23_MK01_P2_5_Fw	7588_11_23_MK01_P2_5_Fw_CTCTCTAC-TCTACTCT_S11_R2_001.fastq.gz	R2	For_SB	SB	mESC	mm10
23_MK01_P2_6_Fw	7588_12_23_MK01_P2_6_Fw_CAGAGAGG-TCTACTCT_S12_R1_001.fastq.gz	R1	For_SB	SB	mESC	mm10
23_MK01_P2_6_Fw	7588_12_23_MK01_P2_6_Fw_CAGAGAGG-TCTACTCT_S12_R2_001.fastq.gz	R2	For_SB	SB	mESC	mm10
23_MK01_P2_7_Fw	7588_13_23_MK01_P2_7_Fw_GCTACGCT-TCTACTCT_S13_R1_001.fastq.gz	R1	For_SB	SB	mESC	mm10
23_MK01_P2_7_Fw	7588_13_23_MK01_P2_7_Fw_GCTACGCT-TCTACTCT_S13_R2_001.fastq.gz	R2	For_SB	SB	mESC	mm10
23_MK01_P2_8_Fw	7588_14_23_MK01_P2_8_Fw_CGAGGCTG-TCTACTCT_S14_R1_001.fastq.gz	R1	For_SB	SB	mESC	mm10
23_MK01_P2_8_Fw	7588_14_23_MK01_P2_8_Fw_CGAGGCTG-TCTACTCT_S14_R2_001.fastq.gz	R2	For_SB	SB	mESC	mm10
23_MK01_P2_9_Fw	7588_15_23_MK01_P2_9_Fw_AAGAGGCA-TCTACTCT_S15_R1_001.fastq.gz	R1	For_SB	SB	mESC	mm10
23_MK01_P2_9_Fw	7588_15_23_MK01_P2_9_Fw_AAGAGGCA-TCTACTCT_S15_R2_001.fastq.gz	R2	For_SB	SB	mESC	mm10
23_MK01_P2_10_Fw	7588_16_23_MK01_P2_10_Fw_GTAGAGGA-TCTACTCT_S16_R1_001.fastq.gz	R1	For_SB	SB	mESC	mm10
23_MK01_P2_10_Fw	7588_16_23_MK01_P2_10_Fw_GTAGAGGA-TCTACTCT_S16_R2_001.fastq.gz	R2	For_SB	SB	mESC	mm10
23_MK01_P1_1_Fw	7588_17_23_MK01_P1_1_Fw_GCTCATGA-TCTACTCT_S17_R1_001.fastq.gz	R1	For_SB	SB	mESC	mm10
23_MK01_P1_1_Fw	7588_17_23_MK01_P1_1_Fw_GCTCATGA-TCTACTCT_S17_R2_001.fastq.gz	R2	For_SB	SB	mESC	mm10
23_MK01_P3_1_Fw	7588_18_23_MK01_P3_1_Fw_AGGCAGAA-CTCCTTAC_S18_R1_001.fastq.gz	R1	For_SB	SB	mESC	mm10
23_MK01_P3_1_Fw	7588_18_23_MK01_P3_1_Fw_AGGCAGAA-CTCCTTAC_S18_R2_001.fastq.gz	R2	For_SB	SB	mESC	mm10
23_MK01_P3_2_Fw	7588_19_23_MK01_P3_2_Fw_TCCTGAGC-CTCCTTAC_S19_R1_001.fastq.gz	R1	For_SB	SB	mESC	mm10
23_MK01_P3_2_Fw	7588_19_23_MK01_P3_2_Fw_TCCTGAGC-CTCCTTAC_S19_R2_001.fastq.gz	R2	For_SB	SB	mESC	mm10
23_MK01_P3_3_Fw	7588_20_23_MK01_P3_3_Fw_GGACTCCT-CTCCTTAC_S20_R1_001.fastq.gz	R1	For_SB	SB	mESC	mm10
23_MK01_P3_3_Fw	7588_20_23_MK01_P3_3_Fw_GGACTCCT-CTCCTTAC_S20_R2_001.fastq.gz	R2	For_SB	SB	mESC	mm10
23_MK01_P3_4_Fw	7588_21_23_MK01_P3_4_Fw_TAGGCATG-CTCCTTAC_S21_R1_001.fastq.gz	R1	For_SB	SB	mESC	mm10
23_MK01_P3_4_Fw	7588_21_23_MK01_P3_4_Fw_TAGGCATG-CTCCTTAC_S21_R2_001.fastq.gz	R2	For_SB	SB	mESC	mm10
23_MK01_P3_5_Fw	7588_22_23_MK01_P3_5_Fw_CTCTCTAC-CTCCTTAC_S22_R1_001.fastq.gz	R1	For_SB	SB	mESC	mm10
23_MK01_P3_5_Fw	7588_22_23_MK01_P3_5_Fw_CTCTCTAC-CTCCTTAC_S22_R2_001.fastq.gz	R2	For_SB	SB	mESC	mm10
23_MK01_P3_6_Fw	7588_23_23_MK01_P3_6_Fw_CAGAGAGG-CTCCTTAC_S23_R1_001.fastq.gz	R1	For_SB	SB	mESC	mm10
23_MK01_P3_6_Fw	7588_23_23_MK01_P3_6_Fw_CAGAGAGG-CTCCTTAC_S23_R2_001.fastq.gz	R2	For_SB	SB	mESC	mm10
23_MK01_P3_7_Fw	7588_24_23_MK01_P3_7_Fw_GCTACGCT-CTCCTTAC_S24_R1_001.fastq.gz	R1	For_SB	SB	mESC	mm10
23_MK01_P3_7_Fw	7588_24_23_MK01_P3_7_Fw_GCTACGCT-CTCCTTAC_S24_R2_001.fastq.gz	R2	For_SB	SB	mESC	mm10
23_MK01_P3_8_Fw	7588_25_23_MK01_P3_8_Fw_CGAGGCTG-CTCCTTAC_S25_R1_001.fastq.gz	R1	For_SB	SB	mESC	mm10
23_MK01_P3_8_Fw	7588_25_23_MK01_P3_8_Fw_CGAGGCTG-CTCCTTAC_S25_R2_001.fastq.gz	R2	For_SB	SB	mESC	mm10
23_MK01_P3_9_Fw	7588_26_23_MK01_P3_9_Fw_AAGAGGCA-CTCCTTAC_S26_R1_001.fastq.gz	R1	For_SB	SB	mESC	mm10
23_MK01_P3_9_Fw	7588_26_23_MK01_P3_9_Fw_AAGAGGCA-CTCCTTAC_S26_R2_001.fastq.gz	R2	For_SB	SB	mESC	mm10
23_MK01_P3_10_Fw	7588_27_23_MK01_P3_10_Fw_GTAGAGGA-CTCCTTAC_S27_R1_001.fastq.gz	R1	For_SB	SB	mESC	mm10
23_MK01_P3_10_Fw	7588_27_23_MK01_P3_10_Fw_GTAGAGGA-CTCCTTAC_S27_R2_001.fastq.gz	R2	For_SB	SB	mESC	mm10
23_MK03_P1_1_Fw	7588_28_23_MK03_P1_1_Fw_GCTCATGA-CTCCTTAC_S28_R1_001.fastq.gz	R1	For_SB	SB	mESC	mm10
23_MK03_P1_1_Fw	7588_28_23_MK03_P1_1_Fw_GCTCATGA-CTCCTTAC_S28_R2_001.fastq.gz	R2	For_SB	SB	mESC	mm10
23_MK01_P4_1_Fw	7588_29_23_MK01_P4_1_Fw_AGGCAGAA-TATGCAGT_S29_R1_001.fastq.gz	R1	For_SB	SB	mESC	mm10
23_MK01_P4_1_Fw	7588_29_23_MK01_P4_1_Fw_AGGCAGAA-TATGCAGT_S29_R2_001.fastq.gz	R2	For_SB	SB	mESC	mm10
23_MK01_P4_2_Fw	7588_30_23_MK01_P4_2_Fw_TCCTGAGC-TATGCAGT_S30_R1_001.fastq.gz	R1	For_SB	SB	mESC	mm10
23_MK01_P4_2_Fw	7588_30_23_MK01_P4_2_Fw_TCCTGAGC-TATGCAGT_S30_R2_001.fastq.gz	R2	For_SB	SB	mESC	mm10
23_MK01_P4_3_Fw	7588_31_23_MK01_P4_3_Fw_GGACTCCT-TATGCAGT_S31_R1_001.fastq.gz	R1	For_SB	SB	mESC	mm10
23_MK01_P4_3_Fw	7588_31_23_MK01_P4_3_Fw_GGACTCCT-TATGCAGT_S31_R2_001.fastq.gz	R2	For_SB	SB	mESC	mm10
23_MK01_P4_4_Fw	7588_32_23_MK01_P4_4_Fw_TAGGCATG-TATGCAGT_S32_R1_001.fastq.gz	R1	For_SB	SB	mESC	mm10
23_MK01_P4_4_Fw	7588_32_23_MK01_P4_4_Fw_TAGGCATG-TATGCAGT_S32_R2_001.fastq.gz	R2	For_SB	SB	mESC	mm10
23_MK01_P4_5_Fw	7588_33_23_MK01_P4_5_Fw_CTCTCTAC-TATGCAGT_S33_R1_001.fastq.gz	R1	For_SB	SB	mESC	mm10
23_MK01_P4_5_Fw	7588_33_23_MK01_P4_5_Fw_CTCTCTAC-TATGCAGT_S33_R2_001.fastq.gz	R2	For_SB	SB	mESC	mm10
23_MK01_P4_6_Fw	7588_34_23_MK01_P4_6_Fw_CAGAGAGG-TATGCAGT_S34_R1_001.fastq.gz	R1	For_SB	SB	mESC	mm10
23_MK01_P4_6_Fw	7588_34_23_MK01_P4_6_Fw_CAGAGAGG-TATGCAGT_S34_R2_001.fastq.gz	R2	For_SB	SB	mESC	mm10
23_MK01_P4_7_Fw	7588_35_23_MK01_P4_7_Fw_GCTACGCT-TATGCAGT_S35_R1_001.fastq.gz	R1	For_SB	SB	mESC	mm10
23_MK01_P4_7_Fw	7588_35_23_MK01_P4_7_Fw_GCTACGCT-TATGCAGT_S35_R2_001.fastq.gz	R2	For_SB	SB	mESC	mm10
23_MK01_P4_8_Fw	7588_36_23_MK01_P4_8_Fw_CGAGGCTG-TATGCAGT_S36_R1_001.fastq.gz	R1	For_SB	SB	mESC	mm10
23_MK01_P4_8_Fw	7588_36_23_MK01_P4_8_Fw_CGAGGCTG-TATGCAGT_S36_R2_001.fastq.gz	R2	For_SB	SB	mESC	mm10
23_MK01_P4_9_Fw	7588_37_23_MK01_P4_9_Fw_AAGAGGCA-TATGCAGT_S37_R1_001.fastq.gz	R1	For_SB	SB	mESC	mm10
23_MK01_P4_9_Fw	7588_37_23_MK01_P4_9_Fw_AAGAGGCA-TATGCAGT_S37_R2_001.fastq.gz	R2	For_SB	SB	mESC	mm10
23_MK01_P4_10_Fw	7588_38_23_MK01_P4_10_Fw_GTAGAGGA-TATGCAGT_S38_R1_001.fastq.gz	R1	For_SB	SB	mESC	mm10
23_MK01_P4_10_Fw	7588_38_23_MK01_P4_10_Fw_GTAGAGGA-TATGCAGT_S38_R2_001.fastq.gz	R2	For_SB	SB	mESC	mm10
E2339_3xCTCF_mid_new_Fw	7588_39_E2339_3xCTCF_mid_new_Fw_GCTCATGA-TATGCAGT_S39_R1_001.fastq.gz	R1	For_SB	SB	mESC	mm10
E2339_3xCTCF_mid_new_Fw	7588_39_E2339_3xCTCF_mid_new_Fw_GCTCATGA-TATGCAGT_S39_R2_001.fastq.gz	R2	For_SB	SB	mESC	mm10
23_MK01_P5_1_Fw	7588_40_23_MK01_P5_1_Fw_AGGCAGAA-TACTCCTT_S40_R1_001.fastq.gz	R1	For_SB	SB	mESC	mm10
23_MK01_P5_1_Fw	7588_40_23_MK01_P5_1_Fw_AGGCAGAA-TACTCCTT_S40_R2_001.fastq.gz	R2	For_SB	SB	mESC	mm10
23_MK01_P5_2_Fw	7588_41_23_MK01_P5_2_Fw_TCCTGAGC-TACTCCTT_S41_R1_001.fastq.gz	R1	For_SB	SB	mESC	mm10
23_MK01_P5_2_Fw	7588_41_23_MK01_P5_2_Fw_TCCTGAGC-TACTCCTT_S41_R2_001.fastq.gz	R2	For_SB	SB	mESC	mm10
23_MK01_P5_3_Fw	7588_42_23_MK01_P5_3_Fw_GGACTCCT-TACTCCTT_S42_R1_001.fastq.gz	R1	For_SB	SB	mESC	mm10
23_MK01_P5_3_Fw	7588_42_23_MK01_P5_3_Fw_GGACTCCT-TACTCCTT_S42_R2_001.fastq.gz	R2	For_SB	SB	mESC	mm10
23_MK01_P5_4_Fw	7588_43_23_MK01_P5_4_Fw_TAGGCATG-TACTCCTT_S43_R1_001.fastq.gz	R1	For_SB	SB	mESC	mm10
23_MK01_P5_4_Fw	7588_43_23_MK01_P5_4_Fw_TAGGCATG-TACTCCTT_S43_R2_001.fastq.gz	R2	For_SB	SB	mESC	mm10
23_MK01_P5_5_Fw	7588_44_23_MK01_P5_5_Fw_CTCTCTAC-TACTCCTT_S44_R1_001.fastq.gz	R1	For_SB	SB	mESC	mm10
23_MK01_P5_5_Fw	7588_44_23_MK01_P5_5_Fw_CTCTCTAC-TACTCCTT_S44_R2_001.fastq.gz	R2	For_SB	SB	mESC	mm10
23_MK01_P5_6_Fw	7588_45_23_MK01_P5_6_Fw_CAGAGAGG-TACTCCTT_S45_R1_001.fastq.gz	R1	For_SB	SB	mESC	mm10
23_MK01_P5_6_Fw	7588_45_23_MK01_P5_6_Fw_CAGAGAGG-TACTCCTT_S45_R2_001.fastq.gz	R2	For_SB	SB	mESC	mm10
23_MK01_P5_7_Fw	7588_46_23_MK01_P5_7_Fw_GCTACGCT-TACTCCTT_S46_R1_001.fastq.gz	R1	For_SB	SB	mESC	mm10
23_MK01_P5_7_Fw	7588_46_23_MK01_P5_7_Fw_GCTACGCT-TACTCCTT_S46_R2_001.fastq.gz	R2	For_SB	SB	mESC	mm10
23_MK01_P5_8_Fw	7588_47_23_MK01_P5_8_Fw_CGAGGCTG-TACTCCTT_S47_R1_001.fastq.gz	R1	For_SB	SB	mESC	mm10
23_MK01_P5_8_Fw	7588_47_23_MK01_P5_8_Fw_CGAGGCTG-TACTCCTT_S47_R2_001.fastq.gz	R2	For_SB	SB	mESC	mm10
23_MK01_P5_9_Fw	7588_48_23_MK01_P5_9_Fw_AAGAGGCA-TACTCCTT_S48_R1_001.fastq.gz	R1	For_SB	SB	mESC	mm10
23_MK01_P5_9_Fw	7588_48_23_MK01_P5_9_Fw_AAGAGGCA-TACTCCTT_S48_R2_001.fastq.gz	R2	For_SB	SB	mESC	mm10
23_MK01_P5_10_Fw	7588_49_23_MK01_P5_10_Fw_GTAGAGGA-TACTCCTT_S49_R1_001.fastq.gz	R1	For_SB	SB	mESC	mm10
23_MK01_P5_10_Fw	7588_49_23_MK01_P5_10_Fw_GTAGAGGA-TACTCCTT_S49_R2_001.fastq.gz	R2	For_SB	SB	mESC	mm10
E2339_3xCTCF_high_new_Fw	7588_50_E2339_3xCTCF_high_new_Fw_GCTCATGA-TACTCCTT_S50_R1_001.fastq.gz	R1	For_SB	SB	mESC	mm10
E2339_3xCTCF_high_new_Fw	7588_50_E2339_3xCTCF_high_new_Fw_GCTCATGA-TACTCCTT_S50_R2_001.fastq.gz	R2	For_SB	SB	mESC	mm10
23_MK01_P6_1_Fw	7588_51_23_MK01_P6_1_Fw_AGGCAGAA-AGGCTTAG_S51_R1_001.fastq.gz	R1	For_SB	SB	mESC	mm10
23_MK01_P6_1_Fw	7588_51_23_MK01_P6_1_Fw_AGGCAGAA-AGGCTTAG_S51_R2_001.fastq.gz	R2	For_SB	SB	mESC	mm10
23_MK01_P6_2_Fw	7588_52_23_MK01_P6_2_Fw_TCCTGAGC-AGGCTTAG_S52_R1_001.fastq.gz	R1	For_SB	SB	mESC	mm10
23_MK01_P6_2_Fw	7588_52_23_MK01_P6_2_Fw_TCCTGAGC-AGGCTTAG_S52_R2_001.fastq.gz	R2	For_SB	SB	mESC	mm10
23_MK01_P6_3_Fw	7588_53_23_MK01_P6_3_Fw_GGACTCCT-AGGCTTAG_S53_R1_001.fastq.gz	R1	For_SB	SB	mESC	mm10
23_MK01_P6_3_Fw	7588_53_23_MK01_P6_3_Fw_GGACTCCT-AGGCTTAG_S53_R2_001.fastq.gz	R2	For_SB	SB	mESC	mm10
23_MK01_P6_4_Fw	7588_54_23_MK01_P6_4_Fw_TAGGCATG-AGGCTTAG_S54_R1_001.fastq.gz	R1	For_SB	SB	mESC	mm10
23_MK01_P6_4_Fw	7588_54_23_MK01_P6_4_Fw_TAGGCATG-AGGCTTAG_S54_R2_001.fastq.gz	R2	For_SB	SB	mESC	mm10
23_MK01_P6_5_Fw	7588_55_23_MK01_P6_5_Fw_CTCTCTAC-AGGCTTAG_S55_R1_001.fastq.gz	R1	For_SB	SB	mESC	mm10
23_MK01_P6_5_Fw	7588_55_23_MK01_P6_5_Fw_CTCTCTAC-AGGCTTAG_S55_R2_001.fastq.gz	R2	For_SB	SB	mESC	mm10
23_MK01_P6_6_Fw	7588_56_23_MK01_P6_6_Fw_CAGAGAGG-AGGCTTAG_S56_R1_001.fastq.gz	R1	For_SB	SB	mESC	mm10
23_MK01_P6_6_Fw	7588_56_23_MK01_P6_6_Fw_CAGAGAGG-AGGCTTAG_S56_R2_001.fastq.gz	R2	For_SB	SB	mESC	mm10
23_MK01_P6_7_Fw	7588_57_23_MK01_P6_7_Fw_GCTACGCT-AGGCTTAG_S57_R1_001.fastq.gz	R1	For_SB	SB	mESC	mm10
23_MK01_P6_7_Fw	7588_57_23_MK01_P6_7_Fw_GCTACGCT-AGGCTTAG_S57_R2_001.fastq.gz	R2	For_SB	SB	mESC	mm10
23_MK01_P6_8_Fw	7588_58_23_MK01_P6_8_Fw_CGAGGCTG-AGGCTTAG_S58_R1_001.fastq.gz	R1	For_SB	SB	mESC	mm10
23_MK01_P6_8_Fw	7588_58_23_MK01_P6_8_Fw_CGAGGCTG-AGGCTTAG_S58_R2_001.fastq.gz	R2	For_SB	SB	mESC	mm10
23_MK01_P6_9_Fw	7588_59_23_MK01_P6_9_Fw_AAGAGGCA-AGGCTTAG_S59_R1_001.fastq.gz	R1	For_SB	SB	mESC	mm10
23_MK01_P6_9_Fw	7588_59_23_MK01_P6_9_Fw_AAGAGGCA-AGGCTTAG_S59_R2_001.fastq.gz	R2	For_SB	SB	mESC	mm10
23_MK01_P6_10_Fw	7588_60_23_MK01_P6_10_Fw_GTAGAGGA-AGGCTTAG_S60_R1_001.fastq.gz	R1	For_SB	SB	mESC	mm10
23_MK01_P6_10_Fw	7588_60_23_MK01_P6_10_Fw_GTAGAGGA-AGGCTTAG_S60_R2_001.fastq.gz	R2	For_SB	SB	mESC	mm10
23_MK02_P2_1_Fw	7588_61_23_MK02_P2_1_Fw_AGGCAGAA-ATTAGACG_S61_R1_001.fastq.gz	R1	For_SB	SB	mESC	mm10
23_MK02_P2_1_Fw	7588_61_23_MK02_P2_1_Fw_AGGCAGAA-ATTAGACG_S61_R2_001.fastq.gz	R2	For_SB	SB	mESC	mm10
23_MK02_P2_2_Fw	7588_62_23_MK02_P2_2_Fw_TCCTGAGC-ATTAGACG_S62_R1_001.fastq.gz	R1	For_SB	SB	mESC	mm10
23_MK02_P2_2_Fw	7588_62_23_MK02_P2_2_Fw_TCCTGAGC-ATTAGACG_S62_R2_001.fastq.gz	R2	For_SB	SB	mESC	mm10
23_MK02_P2_3_Fw	7588_63_23_MK02_P2_3_Fw_GGACTCCT-ATTAGACG_S63_R1_001.fastq.gz	R1	For_SB	SB	mESC	mm10
23_MK02_P2_3_Fw	7588_63_23_MK02_P2_3_Fw_GGACTCCT-ATTAGACG_S63_R2_001.fastq.gz	R2	For_SB	SB	mESC	mm10
23_MK02_P2_4_Fw	7588_64_23_MK02_P2_4_Fw_TAGGCATG-ATTAGACG_S64_R1_001.fastq.gz	R1	For_SB	SB	mESC	mm10
23_MK02_P2_4_Fw	7588_64_23_MK02_P2_4_Fw_TAGGCATG-ATTAGACG_S64_R2_001.fastq.gz	R2	For_SB	SB	mESC	mm10
23_MK02_P2_5_Fw	7588_65_23_MK02_P2_5_Fw_CTCTCTAC-ATTAGACG_S65_R1_001.fastq.gz	R1	For_SB	SB	mESC	mm10
23_MK02_P2_5_Fw	7588_65_23_MK02_P2_5_Fw_CTCTCTAC-ATTAGACG_S65_R2_001.fastq.gz	R2	For_SB	SB	mESC	mm10
23_MK02_P2_6_Fw	7588_66_23_MK02_P2_6_Fw_CAGAGAGG-ATTAGACG_S66_R1_001.fastq.gz	R1	For_SB	SB	mESC	mm10
23_MK02_P2_6_Fw	7588_66_23_MK02_P2_6_Fw_CAGAGAGG-ATTAGACG_S66_R2_001.fastq.gz	R2	For_SB	SB	mESC	mm10
23_MK02_P2_7_Fw	7588_67_23_MK02_P2_7_Fw_GCTACGCT-ATTAGACG_S67_R1_001.fastq.gz	R1	For_SB	SB	mESC	mm10
23_MK02_P2_7_Fw	7588_67_23_MK02_P2_7_Fw_GCTACGCT-ATTAGACG_S67_R2_001.fastq.gz	R2	For_SB	SB	mESC	mm10
23_MK02_P2_8_Fw	7588_68_23_MK02_P2_8_Fw_CGAGGCTG-ATTAGACG_S68_R1_001.fastq.gz	R1	For_SB	SB	mESC	mm10
23_MK02_P2_8_Fw	7588_68_23_MK02_P2_8_Fw_CGAGGCTG-ATTAGACG_S68_R2_001.fastq.gz	R2	For_SB	SB	mESC	mm10
23_MK02_P2_9_Fw	7588_69_23_MK02_P2_9_Fw_AAGAGGCA-ATTAGACG_S69_R1_001.fastq.gz	R1	For_SB	SB	mESC	mm10
23_MK02_P2_9_Fw	7588_69_23_MK02_P2_9_Fw_AAGAGGCA-ATTAGACG_S69_R2_001.fastq.gz	R2	For_SB	SB	mESC	mm10
23_MK02_P2_10_Fw	7588_70_23_MK02_P2_10_Fw_GTAGAGGA-ATTAGACG_S70_R1_001.fastq.gz	R1	For_SB	SB	mESC	mm10
23_MK02_P2_10_Fw	7588_70_23_MK02_P2_10_Fw_GTAGAGGA-ATTAGACG_S70_R2_001.fastq.gz	R2	For_SB	SB	mESC	mm10
23_MK02_P3_1_Fw	7588_71_23_MK02_P3_1_Fw_AGGCAGAA-CGGAGAGA_S71_R1_001.fastq.gz	R1	For_SB	SB	mESC	mm10
23_MK02_P3_1_Fw	7588_71_23_MK02_P3_1_Fw_AGGCAGAA-CGGAGAGA_S71_R2_001.fastq.gz	R2	For_SB	SB	mESC	mm10
23_MK02_P3_2_Fw	7588_72_23_MK02_P3_2_Fw_TCCTGAGC-CGGAGAGA_S72_R1_001.fastq.gz	R1	For_SB	SB	mESC	mm10
23_MK02_P3_2_Fw	7588_72_23_MK02_P3_2_Fw_TCCTGAGC-CGGAGAGA_S72_R2_001.fastq.gz	R2	For_SB	SB	mESC	mm10
23_MK02_P3_3_Fw	7588_73_23_MK02_P3_3_Fw_GGACTCCT-CGGAGAGA_S73_R1_001.fastq.gz	R1	For_SB	SB	mESC	mm10
23_MK02_P3_3_Fw	7588_73_23_MK02_P3_3_Fw_GGACTCCT-CGGAGAGA_S73_R2_001.fastq.gz	R2	For_SB	SB	mESC	mm10
23_MK02_P3_4_Fw	7588_74_23_MK02_P3_4_Fw_TAGGCATG-CGGAGAGA_S74_R1_001.fastq.gz	R1	For_SB	SB	mESC	mm10
23_MK02_P3_4_Fw	7588_74_23_MK02_P3_4_Fw_TAGGCATG-CGGAGAGA_S74_R2_001.fastq.gz	R2	For_SB	SB	mESC	mm10
23_MK02_P3_5_Fw	7588_75_23_MK02_P3_5_Fw_CTCTCTAC-CGGAGAGA_S75_R1_001.fastq.gz	R1	For_SB	SB	mESC	mm10
23_MK02_P3_5_Fw	7588_75_23_MK02_P3_5_Fw_CTCTCTAC-CGGAGAGA_S75_R2_001.fastq.gz	R2	For_SB	SB	mESC	mm10
23_MK02_P3_6_Fw	7588_76_23_MK02_P3_6_Fw_CAGAGAGG-CGGAGAGA_S76_R1_001.fastq.gz	R1	For_SB	SB	mESC	mm10
23_MK02_P3_6_Fw	7588_76_23_MK02_P3_6_Fw_CAGAGAGG-CGGAGAGA_S76_R2_001.fastq.gz	R2	For_SB	SB	mESC	mm10
23_MK02_P3_7_Fw	7588_77_23_MK02_P3_7_Fw_GCTACGCT-CGGAGAGA_S77_R1_001.fastq.gz	R1	For_SB	SB	mESC	mm10
23_MK02_P3_7_Fw	7588_77_23_MK02_P3_7_Fw_GCTACGCT-CGGAGAGA_S77_R2_001.fastq.gz	R2	For_SB	SB	mESC	mm10
23_MK02_P3_8_Fw	7588_78_23_MK02_P3_8_Fw_CGAGGCTG-CGGAGAGA_S78_R1_001.fastq.gz	R1	For_SB	SB	mESC	mm10
23_MK02_P3_8_Fw	7588_78_23_MK02_P3_8_Fw_CGAGGCTG-CGGAGAGA_S78_R2_001.fastq.gz	R2	For_SB	SB	mESC	mm10
23_MK02_P3_9_Fw	7588_79_23_MK02_P3_9_Fw_AAGAGGCA-CGGAGAGA_S79_R1_001.fastq.gz	R1	For_SB	SB	mESC	mm10
23_MK02_P3_9_Fw	7588_79_23_MK02_P3_9_Fw_AAGAGGCA-CGGAGAGA_S79_R2_001.fastq.gz	R2	For_SB	SB	mESC	mm10
23_MK02_P3_10_Fw	7588_80_23_MK02_P3_10_Fw_GTAGAGGA-CGGAGAGA_S80_R1_001.fastq.gz	R1	For_SB	SB	mESC	mm10
23_MK02_P3_10_Fw	7588_80_23_MK02_P3_10_Fw_GTAGAGGA-CGGAGAGA_S80_R2_001.fastq.gz	R2	For_SB	SB	mESC	mm10
23_MK02_P4_1_Fw	7588_81_23_MK02_P4_1_Fw_AGGCAGAA-CTAGTCGA_S81_R1_001.fastq.gz	R1	For_SB	SB	mESC	mm10
23_MK02_P4_1_Fw	7588_81_23_MK02_P4_1_Fw_AGGCAGAA-CTAGTCGA_S81_R2_001.fastq.gz	R2	For_SB	SB	mESC	mm10
23_MK02_P4_2_Fw	7588_82_23_MK02_P4_2_Fw_TCCTGAGC-CTAGTCGA_S82_R1_001.fastq.gz	R1	For_SB	SB	mESC	mm10
23_MK02_P4_2_Fw	7588_82_23_MK02_P4_2_Fw_TCCTGAGC-CTAGTCGA_S82_R2_001.fastq.gz	R2	For_SB	SB	mESC	mm10
23_MK02_P4_3_Fw	7588_83_23_MK02_P4_3_Fw_GGACTCCT-CTAGTCGA_S83_R1_001.fastq.gz	R1	For_SB	SB	mESC	mm10
23_MK02_P4_3_Fw	7588_83_23_MK02_P4_3_Fw_GGACTCCT-CTAGTCGA_S83_R2_001.fastq.gz	R2	For_SB	SB	mESC	mm10
23_MK02_P4_4_Fw	7588_84_23_MK02_P4_4_Fw_TAGGCATG-CTAGTCGA_S84_R1_001.fastq.gz	R1	For_SB	SB	mESC	mm10
23_MK02_P4_4_Fw	7588_84_23_MK02_P4_4_Fw_TAGGCATG-CTAGTCGA_S84_R2_001.fastq.gz	R2	For_SB	SB	mESC	mm10
23_MK02_P4_5_Fw	7588_85_23_MK02_P4_5_Fw_CTCTCTAC-CTAGTCGA_S85_R1_001.fastq.gz	R1	For_SB	SB	mESC	mm10
23_MK02_P4_5_Fw	7588_85_23_MK02_P4_5_Fw_CTCTCTAC-CTAGTCGA_S85_R2_001.fastq.gz	R2	For_SB	SB	mESC	mm10
23_MK02_P4_6_Fw	7588_86_23_MK02_P4_6_Fw_CAGAGAGG-CTAGTCGA_S86_R1_001.fastq.gz	R1	For_SB	SB	mESC	mm10
23_MK02_P4_6_Fw	7588_86_23_MK02_P4_6_Fw_CAGAGAGG-CTAGTCGA_S86_R2_001.fastq.gz	R2	For_SB	SB	mESC	mm10
23_MK02_P4_7_Fw	7588_87_23_MK02_P4_7_Fw_GCTACGCT-CTAGTCGA_S87_R1_001.fastq.gz	R1	For_SB	SB	mESC	mm10
23_MK02_P4_7_Fw	7588_87_23_MK02_P4_7_Fw_GCTACGCT-CTAGTCGA_S87_R2_001.fastq.gz	R2	For_SB	SB	mESC	mm10
23_MK02_P4_8_Fw	7588_88_23_MK02_P4_8_Fw_CGAGGCTG-CTAGTCGA_S88_R1_001.fastq.gz	R1	For_SB	SB	mESC	mm10
23_MK02_P4_8_Fw	7588_88_23_MK02_P4_8_Fw_CGAGGCTG-CTAGTCGA_S88_R2_001.fastq.gz	R2	For_SB	SB	mESC	mm10
23_MK02_P4_9_Fw	7588_89_23_MK02_P4_9_Fw_AAGAGGCA-CTAGTCGA_S89_R1_001.fastq.gz	R1	For_SB	SB	mESC	mm10
23_MK02_P4_9_Fw	7588_89_23_MK02_P4_9_Fw_AAGAGGCA-CTAGTCGA_S89_R2_001.fastq.gz	R2	For_SB	SB	mESC	mm10
23_MK02_P4_10_Fw	7588_90_23_MK02_P4_10_Fw_GTAGAGGA-CTAGTCGA_S90_R1_001.fastq.gz	R1	For_SB	SB	mESC	mm10
23_MK02_P4_10_Fw	7588_90_23_MK02_P4_10_Fw_GTAGAGGA-CTAGTCGA_S90_R2_001.fastq.gz	R2	For_SB	SB	mESC	mm10
23_MK02_P5_1_Fw	7588_91_23_MK02_P5_1_Fw_AGGCAGAA-AGCTAGAA_S91_R1_001.fastq.gz	R1	For_SB	SB	mESC	mm10
23_MK02_P5_1_Fw	7588_91_23_MK02_P5_1_Fw_AGGCAGAA-AGCTAGAA_S91_R2_001.fastq.gz	R2	For_SB	SB	mESC	mm10
23_MK02_P5_2_Fw	7588_92_23_MK02_P5_2_Fw_TCCTGAGC-AGCTAGAA_S92_R1_001.fastq.gz	R1	For_SB	SB	mESC	mm10
23_MK02_P5_2_Fw	7588_92_23_MK02_P5_2_Fw_TCCTGAGC-AGCTAGAA_S92_R2_001.fastq.gz	R2	For_SB	SB	mESC	mm10
23_MK02_P5_3_Fw	7588_93_23_MK02_P5_3_Fw_GGACTCCT-AGCTAGAA_S93_R1_001.fastq.gz	R1	For_SB	SB	mESC	mm10
23_MK02_P5_3_Fw	7588_93_23_MK02_P5_3_Fw_GGACTCCT-AGCTAGAA_S93_R2_001.fastq.gz	R2	For_SB	SB	mESC	mm10
23_MK02_P5_4_Fw	7588_94_23_MK02_P5_4_Fw_TAGGCATG-AGCTAGAA_S94_R1_001.fastq.gz	R1	For_SB	SB	mESC	mm10
23_MK02_P5_4_Fw	7588_94_23_MK02_P5_4_Fw_TAGGCATG-AGCTAGAA_S94_R2_001.fastq.gz	R2	For_SB	SB	mESC	mm10
23_MK02_P5_5_Fw	7588_95_23_MK02_P5_5_Fw_CTCTCTAC-AGCTAGAA_S95_R1_001.fastq.gz	R1	For_SB	SB	mESC	mm10
23_MK02_P5_5_Fw	7588_95_23_MK02_P5_5_Fw_CTCTCTAC-AGCTAGAA_S95_R2_001.fastq.gz	R2	For_SB	SB	mESC	mm10
23_MK02_P5_6_Fw	7588_96_23_MK02_P5_6_Fw_CAGAGAGG-AGCTAGAA_S96_R1_001.fastq.gz	R1	For_SB	SB	mESC	mm10
23_MK02_P5_6_Fw	7588_96_23_MK02_P5_6_Fw_CAGAGAGG-AGCTAGAA_S96_R2_001.fastq.gz	R2	For_SB	SB	mESC	mm10
23_MK02_P5_7_Fw	7588_97_23_MK02_P5_7_Fw_GCTACGCT-AGCTAGAA_S97_R1_001.fastq.gz	R1	For_SB	SB	mESC	mm10
23_MK02_P5_7_Fw	7588_97_23_MK02_P5_7_Fw_GCTACGCT-AGCTAGAA_S97_R2_001.fastq.gz	R2	For_SB	SB	mESC	mm10
23_MK02_P5_8_Fw	7588_98_23_MK02_P5_8_Fw_CGAGGCTG-AGCTAGAA_S98_R1_001.fastq.gz	R1	For_SB	SB	mESC	mm10
23_MK02_P5_8_Fw	7588_98_23_MK02_P5_8_Fw_CGAGGCTG-AGCTAGAA_S98_R2_001.fastq.gz	R2	For_SB	SB	mESC	mm10
23_MK02_P5_9_Fw	7588_99_23_MK02_P5_9_Fw_AAGAGGCA-AGCTAGAA_S99_R1_001.fastq.gz	R1	For_SB	SB	mESC	mm10
23_MK02_P5_9_Fw	7588_99_23_MK02_P5_9_Fw_AAGAGGCA-AGCTAGAA_S99_R2_001.fastq.gz	R2	For_SB	SB	mESC	mm10
23_MK02_P5_10_Fw	7588_100_23_MK02_P5_10_Fw_GTAGAGGA-AGCTAGAA_S100_R1_001.fastq.gz	R1	For_SB	SB	mESC	mm10
23_MK02_P5_10_Fw	7588_100_23_MK02_P5_10_Fw_GTAGAGGA-AGCTAGAA_S100_R2_001.fastq.gz	R2	For_SB	SB	mESC	mm10
23_MK02_P6_1_Fw	7588_101_23_MK02_P6_1_Fw_AGGCAGAA-ACTCTAGG_S101_R1_001.fastq.gz	R1	For_SB	SB	mESC	mm10
23_MK02_P6_1_Fw	7588_101_23_MK02_P6_1_Fw_AGGCAGAA-ACTCTAGG_S101_R2_001.fastq.gz	R2	For_SB	SB	mESC	mm10
23_MK02_P6_2_Fw	7588_102_23_MK02_P6_2_Fw_TCCTGAGC-ACTCTAGG_S102_R1_001.fastq.gz	R1	For_SB	SB	mESC	mm10
23_MK02_P6_2_Fw	7588_102_23_MK02_P6_2_Fw_TCCTGAGC-ACTCTAGG_S102_R2_001.fastq.gz	R2	For_SB	SB	mESC	mm10
23_MK02_P6_3_Fw	7588_103_23_MK02_P6_3_Fw_GGACTCCT-ACTCTAGG_S103_R1_001.fastq.gz	R1	For_SB	SB	mESC	mm10
23_MK02_P6_3_Fw	7588_103_23_MK02_P6_3_Fw_GGACTCCT-ACTCTAGG_S103_R2_001.fastq.gz	R2	For_SB	SB	mESC	mm10
23_MK02_P6_4_Fw	7588_104_23_MK02_P6_4_Fw_TAGGCATG-ACTCTAGG_S104_R1_001.fastq.gz	R1	For_SB	SB	mESC	mm10
23_MK02_P6_4_Fw	7588_104_23_MK02_P6_4_Fw_TAGGCATG-ACTCTAGG_S104_R2_001.fastq.gz	R2	For_SB	SB	mESC	mm10
23_MK02_P6_5_Fw	7588_105_23_MK02_P6_5_Fw_CTCTCTAC-ACTCTAGG_S105_R1_001.fastq.gz	R1	For_SB	SB	mESC	mm10
23_MK02_P6_5_Fw	7588_105_23_MK02_P6_5_Fw_CTCTCTAC-ACTCTAGG_S105_R2_001.fastq.gz	R2	For_SB	SB	mESC	mm10
23_MK02_P6_6_Fw	7588_106_23_MK02_P6_6_Fw_CAGAGAGG-ACTCTAGG_S106_R1_001.fastq.gz	R1	For_SB	SB	mESC	mm10
23_MK02_P6_6_Fw	7588_106_23_MK02_P6_6_Fw_CAGAGAGG-ACTCTAGG_S106_R2_001.fastq.gz	R2	For_SB	SB	mESC	mm10
23_MK02_P6_7_Fw	7588_107_23_MK02_P6_7_Fw_GCTACGCT-ACTCTAGG_S107_R1_001.fastq.gz	R1	For_SB	SB	mESC	mm10
23_MK02_P6_7_Fw	7588_107_23_MK02_P6_7_Fw_GCTACGCT-ACTCTAGG_S107_R2_001.fastq.gz	R2	For_SB	SB	mESC	mm10
23_MK02_P6_8_Fw	7588_108_23_MK02_P6_8_Fw_CGAGGCTG-ACTCTAGG_S108_R1_001.fastq.gz	R1	For_SB	SB	mESC	mm10
23_MK02_P6_8_Fw	7588_108_23_MK02_P6_8_Fw_CGAGGCTG-ACTCTAGG_S108_R2_001.fastq.gz	R2	For_SB	SB	mESC	mm10
23_MK02_P6_9_Fw	7588_109_23_MK02_P6_9_Fw_AAGAGGCA-ACTCTAGG_S109_R1_001.fastq.gz	R1	For_SB	SB	mESC	mm10
23_MK02_P6_9_Fw	7588_109_23_MK02_P6_9_Fw_AAGAGGCA-ACTCTAGG_S109_R2_001.fastq.gz	R2	For_SB	SB	mESC	mm10
23_MK02_P6_10_Fw	7588_110_23_MK02_P6_10_Fw_GTAGAGGA-ACTCTAGG_S110_R1_001.fastq.gz	R1	For_SB	SB	mESC	mm10
23_MK02_P6_10_Fw	7588_110_23_MK02_P6_10_Fw_GTAGAGGA-ACTCTAGG_S110_R2_001.fastq.gz	R2	For_SB	SB	mESC	mm10
23_MK03_P2_1_Fw	7588_111_23_MK03_P2_1_Fw_AGGCAGAA-TCTTACGC_S111_R1_001.fastq.gz	R1	For_SB	SB	mESC	mm10
23_MK03_P2_1_Fw	7588_111_23_MK03_P2_1_Fw_AGGCAGAA-TCTTACGC_S111_R2_001.fastq.gz	R2	For_SB	SB	mESC	mm10
23_MK03_P2_2_Fw	7588_112_23_MK03_P2_2_Fw_TCCTGAGC-TCTTACGC_S112_R1_001.fastq.gz	R1	For_SB	SB	mESC	mm10
23_MK03_P2_2_Fw	7588_112_23_MK03_P2_2_Fw_TCCTGAGC-TCTTACGC_S112_R2_001.fastq.gz	R2	For_SB	SB	mESC	mm10
23_MK03_P2_3_Fw	7588_113_23_MK03_P2_3_Fw_GGACTCCT-TCTTACGC_S113_R1_001.fastq.gz	R1	For_SB	SB	mESC	mm10
23_MK03_P2_3_Fw	7588_113_23_MK03_P2_3_Fw_GGACTCCT-TCTTACGC_S113_R2_001.fastq.gz	R2	For_SB	SB	mESC	mm10
23_MK03_P2_4_Fw	7588_114_23_MK03_P2_4_Fw_TAGGCATG-TCTTACGC_S114_R1_001.fastq.gz	R1	For_SB	SB	mESC	mm10
23_MK03_P2_4_Fw	7588_114_23_MK03_P2_4_Fw_TAGGCATG-TCTTACGC_S114_R2_001.fastq.gz	R2	For_SB	SB	mESC	mm10
23_MK03_P2_5_Fw	7588_115_23_MK03_P2_5_Fw_CTCTCTAC-TCTTACGC_S115_R1_001.fastq.gz	R1	For_SB	SB	mESC	mm10
23_MK03_P2_5_Fw	7588_115_23_MK03_P2_5_Fw_CTCTCTAC-TCTTACGC_S115_R2_001.fastq.gz	R2	For_SB	SB	mESC	mm10
23_MK03_P2_6_Fw	7588_116_23_MK03_P2_6_Fw_CAGAGAGG-TCTTACGC_S116_R1_001.fastq.gz	R1	For_SB	SB	mESC	mm10
23_MK03_P2_6_Fw	7588_116_23_MK03_P2_6_Fw_CAGAGAGG-TCTTACGC_S116_R2_001.fastq.gz	R2	For_SB	SB	mESC	mm10
23_MK03_P2_7_Fw	7588_117_23_MK03_P2_7_Fw_GCTACGCT-TCTTACGC_S117_R1_001.fastq.gz	R1	For_SB	SB	mESC	mm10
23_MK03_P2_7_Fw	7588_117_23_MK03_P2_7_Fw_GCTACGCT-TCTTACGC_S117_R2_001.fastq.gz	R2	For_SB	SB	mESC	mm10
23_MK03_P2_8_Fw	7588_118_23_MK03_P2_8_Fw_CGAGGCTG-TCTTACGC_S118_R1_001.fastq.gz	R1	For_SB	SB	mESC	mm10
23_MK03_P2_8_Fw	7588_118_23_MK03_P2_8_Fw_CGAGGCTG-TCTTACGC_S118_R2_001.fastq.gz	R2	For_SB	SB	mESC	mm10
23_MK03_P2_9_Fw	7588_119_23_MK03_P2_9_Fw_AAGAGGCA-TCTTACGC_S119_R1_001.fastq.gz	R1	For_SB	SB	mESC	mm10
23_MK03_P2_9_Fw	7588_119_23_MK03_P2_9_Fw_AAGAGGCA-TCTTACGC_S119_R2_001.fastq.gz	R2	For_SB	SB	mESC	mm10
23_MK03_P2_10_Fw	7588_120_23_MK03_P2_10_Fw_GTAGAGGA-TCTTACGC_S120_R1_001.fastq.gz	R1	For_SB	SB	mESC	mm10
23_MK03_P2_10_Fw	7588_120_23_MK03_P2_10_Fw_GTAGAGGA-TCTTACGC_S120_R2_001.fastq.gz	R2	For_SB	SB	mESC	mm10
23_MK03_P3_1_Fw	7588_121_23_MK03_P3_1_Fw_AGGCAGAA-CTTAATAG_S121_R1_001.fastq.gz	R1	For_SB	SB	mESC	mm10
23_MK03_P3_1_Fw	7588_121_23_MK03_P3_1_Fw_AGGCAGAA-CTTAATAG_S121_R2_001.fastq.gz	R2	For_SB	SB	mESC	mm10
23_MK03_P3_2_Fw	7588_122_23_MK03_P3_2_Fw_TCCTGAGC-CTTAATAG_S122_R1_001.fastq.gz	R1	For_SB	SB	mESC	mm10
23_MK03_P3_2_Fw	7588_122_23_MK03_P3_2_Fw_TCCTGAGC-CTTAATAG_S122_R2_001.fastq.gz	R2	For_SB	SB	mESC	mm10
23_MK03_P3_3_Fw	7588_123_23_MK03_P3_3_Fw_GGACTCCT-CTTAATAG_S123_R1_001.fastq.gz	R1	For_SB	SB	mESC	mm10
23_MK03_P3_3_Fw	7588_123_23_MK03_P3_3_Fw_GGACTCCT-CTTAATAG_S123_R2_001.fastq.gz	R2	For_SB	SB	mESC	mm10
23_MK03_P3_4_Fw	7588_124_23_MK03_P3_4_Fw_TAGGCATG-CTTAATAG_S124_R1_001.fastq.gz	R1	For_SB	SB	mESC	mm10
23_MK03_P3_4_Fw	7588_124_23_MK03_P3_4_Fw_TAGGCATG-CTTAATAG_S124_R2_001.fastq.gz	R2	For_SB	SB	mESC	mm10
23_MK03_P3_5_Fw	7588_125_23_MK03_P3_5_Fw_CTCTCTAC-CTTAATAG_S125_R1_001.fastq.gz	R1	For_SB	SB	mESC	mm10
23_MK03_P3_5_Fw	7588_125_23_MK03_P3_5_Fw_CTCTCTAC-CTTAATAG_S125_R2_001.fastq.gz	R2	For_SB	SB	mESC	mm10
23_MK03_P3_6_Fw	7588_126_23_MK03_P3_6_Fw_CAGAGAGG-CTTAATAG_S126_R1_001.fastq.gz	R1	For_SB	SB	mESC	mm10
23_MK03_P3_6_Fw	7588_126_23_MK03_P3_6_Fw_CAGAGAGG-CTTAATAG_S126_R2_001.fastq.gz	R2	For_SB	SB	mESC	mm10
23_MK03_P3_7_Fw	7588_127_23_MK03_P3_7_Fw_GCTACGCT-CTTAATAG_S127_R1_001.fastq.gz	R1	For_SB	SB	mESC	mm10
23_MK03_P3_7_Fw	7588_127_23_MK03_P3_7_Fw_GCTACGCT-CTTAATAG_S127_R2_001.fastq.gz	R2	For_SB	SB	mESC	mm10
23_MK03_P3_8_Fw	7588_128_23_MK03_P3_8_Fw_CGAGGCTG-CTTAATAG_S128_R1_001.fastq.gz	R1	For_SB	SB	mESC	mm10
23_MK03_P3_8_Fw	7588_128_23_MK03_P3_8_Fw_CGAGGCTG-CTTAATAG_S128_R2_001.fastq.gz	R2	For_SB	SB	mESC	mm10
23_MK03_P3_9_Fw	7588_129_23_MK03_P3_9_Fw_AAGAGGCA-CTTAATAG_S129_R1_001.fastq.gz	R1	For_SB	SB	mESC	mm10
23_MK03_P3_9_Fw	7588_129_23_MK03_P3_9_Fw_AAGAGGCA-CTTAATAG_S129_R2_001.fastq.gz	R2	For_SB	SB	mESC	mm10
23_MK03_P3_10_Fw	7588_130_23_MK03_P3_10_Fw_GTAGAGGA-CTTAATAG_S130_R1_001.fastq.gz	R1	For_SB	SB	mESC	mm10
23_MK03_P3_10_Fw	7588_130_23_MK03_P3_10_Fw_GTAGAGGA-CTTAATAG_S130_R2_001.fastq.gz	R2	For_SB	SB	mESC	mm10
23_MK03_P4_1_Fw	7588_131_23_MK03_P4_1_Fw_AGGCAGAA-ATAGCCTT_S131_R1_001.fastq.gz	R1	For_SB	SB	mESC	mm10
23_MK03_P4_1_Fw	7588_131_23_MK03_P4_1_Fw_AGGCAGAA-ATAGCCTT_S131_R2_001.fastq.gz	R2	For_SB	SB	mESC	mm10
23_MK03_P4_2_Fw	7588_132_23_MK03_P4_2_Fw_TCCTGAGC-ATAGCCTT_S132_R1_001.fastq.gz	R1	For_SB	SB	mESC	mm10
23_MK03_P4_2_Fw	7588_132_23_MK03_P4_2_Fw_TCCTGAGC-ATAGCCTT_S132_R2_001.fastq.gz	R2	For_SB	SB	mESC	mm10
23_MK03_P4_3_Fw	7588_133_23_MK03_P4_3_Fw_GGACTCCT-ATAGCCTT_S133_R1_001.fastq.gz	R1	For_SB	SB	mESC	mm10
23_MK03_P4_3_Fw	7588_133_23_MK03_P4_3_Fw_GGACTCCT-ATAGCCTT_S133_R2_001.fastq.gz	R2	For_SB	SB	mESC	mm10
23_MK03_P4_4_Fw	7588_134_23_MK03_P4_4_Fw_TAGGCATG-ATAGCCTT_S134_R1_001.fastq.gz	R1	For_SB	SB	mESC	mm10
23_MK03_P4_4_Fw	7588_134_23_MK03_P4_4_Fw_TAGGCATG-ATAGCCTT_S134_R2_001.fastq.gz	R2	For_SB	SB	mESC	mm10
23_MK03_P4_5_Fw	7588_135_23_MK03_P4_5_Fw_CTCTCTAC-ATAGCCTT_S135_R1_001.fastq.gz	R1	For_SB	SB	mESC	mm10
23_MK03_P4_5_Fw	7588_135_23_MK03_P4_5_Fw_CTCTCTAC-ATAGCCTT_S135_R2_001.fastq.gz	R2	For_SB	SB	mESC	mm10
23_MK03_P4_6_Fw	7588_136_23_MK03_P4_6_Fw_CAGAGAGG-ATAGCCTT_S136_R1_001.fastq.gz	R1	For_SB	SB	mESC	mm10
23_MK03_P4_6_Fw	7588_136_23_MK03_P4_6_Fw_CAGAGAGG-ATAGCCTT_S136_R2_001.fastq.gz	R2	For_SB	SB	mESC	mm10
23_MK03_P4_7_Fw	7588_137_23_MK03_P4_7_Fw_GCTACGCT-ATAGCCTT_S137_R1_001.fastq.gz	R1	For_SB	SB	mESC	mm10
23_MK03_P4_7_Fw	7588_137_23_MK03_P4_7_Fw_GCTACGCT-ATAGCCTT_S137_R2_001.fastq.gz	R2	For_SB	SB	mESC	mm10
23_MK03_P4_8_Fw	7588_138_23_MK03_P4_8_Fw_CGAGGCTG-ATAGCCTT_S138_R1_001.fastq.gz	R1	For_SB	SB	mESC	mm10
23_MK03_P4_8_Fw	7588_138_23_MK03_P4_8_Fw_CGAGGCTG-ATAGCCTT_S138_R2_001.fastq.gz	R2	For_SB	SB	mESC	mm10
23_MK03_P4_9_Fw	7588_139_23_MK03_P4_9_Fw_AAGAGGCA-ATAGCCTT_S139_R1_001.fastq.gz	R1	For_SB	SB	mESC	mm10
23_MK03_P4_9_Fw	7588_139_23_MK03_P4_9_Fw_AAGAGGCA-ATAGCCTT_S139_R2_001.fastq.gz	R2	For_SB	SB	mESC	mm10
23_MK03_P4_10_Fw	7588_140_23_MK03_P4_10_Fw_GTAGAGGA-ATAGCCTT_S140_R1_001.fastq.gz	R1	For_SB	SB	mESC	mm10
23_MK03_P4_10_Fw	7588_140_23_MK03_P4_10_Fw_GTAGAGGA-ATAGCCTT_S140_R2_001.fastq.gz	R2	For_SB	SB	mESC	mm10
23_MK03_P5_1_Fw	7588_141_23_MK03_P5_1_Fw_AGGCAGAA-TAAGGCTC_S141_R1_001.fastq.gz	R1	For_SB	SB	mESC	mm10
23_MK03_P5_1_Fw	7588_141_23_MK03_P5_1_Fw_AGGCAGAA-TAAGGCTC_S141_R2_001.fastq.gz	R2	For_SB	SB	mESC	mm10
23_MK03_P5_2_Fw	7588_142_23_MK03_P5_2_Fw_TCCTGAGC-TAAGGCTC_S142_R1_001.fastq.gz	R1	For_SB	SB	mESC	mm10
23_MK03_P5_2_Fw	7588_142_23_MK03_P5_2_Fw_TCCTGAGC-TAAGGCTC_S142_R2_001.fastq.gz	R2	For_SB	SB	mESC	mm10
23_MK03_P5_3_Fw	7588_143_23_MK03_P5_3_Fw_GGACTCCT-TAAGGCTC_S143_R1_001.fastq.gz	R1	For_SB	SB	mESC	mm10
23_MK03_P5_3_Fw	7588_143_23_MK03_P5_3_Fw_GGACTCCT-TAAGGCTC_S143_R2_001.fastq.gz	R2	For_SB	SB	mESC	mm10
23_MK03_P5_4_Fw	7588_144_23_MK03_P5_4_Fw_TAGGCATG-TAAGGCTC_S144_R1_001.fastq.gz	R1	For_SB	SB	mESC	mm10
23_MK03_P5_4_Fw	7588_144_23_MK03_P5_4_Fw_TAGGCATG-TAAGGCTC_S144_R2_001.fastq.gz	R2	For_SB	SB	mESC	mm10
23_MK03_P5_5_Fw	7588_145_23_MK03_P5_5_Fw_CTCTCTAC-TAAGGCTC_S145_R1_001.fastq.gz	R1	For_SB	SB	mESC	mm10
23_MK03_P5_5_Fw	7588_145_23_MK03_P5_5_Fw_CTCTCTAC-TAAGGCTC_S145_R2_001.fastq.gz	R2	For_SB	SB	mESC	mm10
23_MK03_P5_6_Fw	7588_146_23_MK03_P5_6_Fw_CAGAGAGG-TAAGGCTC_S146_R1_001.fastq.gz	R1	For_SB	SB	mESC	mm10
23_MK03_P5_6_Fw	7588_146_23_MK03_P5_6_Fw_CAGAGAGG-TAAGGCTC_S146_R2_001.fastq.gz	R2	For_SB	SB	mESC	mm10
23_MK03_P5_7_Fw	7588_147_23_MK03_P5_7_Fw_GCTACGCT-TAAGGCTC_S147_R1_001.fastq.gz	R1	For_SB	SB	mESC	mm10
23_MK03_P5_7_Fw	7588_147_23_MK03_P5_7_Fw_GCTACGCT-TAAGGCTC_S147_R2_001.fastq.gz	R2	For_SB	SB	mESC	mm10
23_MK03_P5_8_Fw	7588_148_23_MK03_P5_8_Fw_CGAGGCTG-TAAGGCTC_S148_R1_001.fastq.gz	R1	For_SB	SB	mESC	mm10
23_MK03_P5_8_Fw	7588_148_23_MK03_P5_8_Fw_CGAGGCTG-TAAGGCTC_S148_R2_001.fastq.gz	R2	For_SB	SB	mESC	mm10
23_MK03_P5_9_Fw	7588_149_23_MK03_P5_9_Fw_AAGAGGCA-TAAGGCTC_S149_R1_001.fastq.gz	R1	For_SB	SB	mESC	mm10
23_MK03_P5_9_Fw	7588_149_23_MK03_P5_9_Fw_AAGAGGCA-TAAGGCTC_S149_R2_001.fastq.gz	R2	For_SB	SB	mESC	mm10
23_MK03_P5_10_Fw	7588_150_23_MK03_P5_10_Fw_GTAGAGGA-TAAGGCTC_S150_R1_001.fastq.gz	R1	For_SB	SB	mESC	mm10
23_MK03_P5_10_Fw	7588_150_23_MK03_P5_10_Fw_GTAGAGGA-TAAGGCTC_S150_R2_001.fastq.gz	R2	For_SB	SB	mESC	mm10
23_MK03_P6_1_Fw	7588_151_23_MK03_P6_1_Fw_AGGCAGAA-TCGCATAA_S151_R1_001.fastq.gz	R1	For_SB	SB	mESC	mm10
23_MK03_P6_1_Fw	7588_151_23_MK03_P6_1_Fw_AGGCAGAA-TCGCATAA_S151_R2_001.fastq.gz	R2	For_SB	SB	mESC	mm10
23_MK03_P6_2_Fw	7588_152_23_MK03_P6_2_Fw_TCCTGAGC-TCGCATAA_S152_R1_001.fastq.gz	R1	For_SB	SB	mESC	mm10
23_MK03_P6_2_Fw	7588_152_23_MK03_P6_2_Fw_TCCTGAGC-TCGCATAA_S152_R2_001.fastq.gz	R2	For_SB	SB	mESC	mm10
23_MK03_P6_3_Fw	7588_153_23_MK03_P6_3_Fw_GGACTCCT-TCGCATAA_S153_R1_001.fastq.gz	R1	For_SB	SB	mESC	mm10
23_MK03_P6_3_Fw	7588_153_23_MK03_P6_3_Fw_GGACTCCT-TCGCATAA_S153_R2_001.fastq.gz	R2	For_SB	SB	mESC	mm10
23_MK03_P6_4_Fw	7588_154_23_MK03_P6_4_Fw_TAGGCATG-TCGCATAA_S154_R1_001.fastq.gz	R1	For_SB	SB	mESC	mm10
23_MK03_P6_4_Fw	7588_154_23_MK03_P6_4_Fw_TAGGCATG-TCGCATAA_S154_R2_001.fastq.gz	R2	For_SB	SB	mESC	mm10
23_MK03_P6_5_Fw	7588_155_23_MK03_P6_5_Fw_CTCTCTAC-TCGCATAA_S155_R1_001.fastq.gz	R1	For_SB	SB	mESC	mm10
23_MK03_P6_5_Fw	7588_155_23_MK03_P6_5_Fw_CTCTCTAC-TCGCATAA_S155_R2_001.fastq.gz	R2	For_SB	SB	mESC	mm10
23_MK03_P6_6_Fw	7588_156_23_MK03_P6_6_Fw_CAGAGAGG-TCGCATAA_S156_R1_001.fastq.gz	R1	For_SB	SB	mESC	mm10
23_MK03_P6_6_Fw	7588_156_23_MK03_P6_6_Fw_CAGAGAGG-TCGCATAA_S156_R2_001.fastq.gz	R2	For_SB	SB	mESC	mm10
23_MK03_P6_7_Fw	7588_157_23_MK03_P6_7_Fw_GCTACGCT-TCGCATAA_S157_R1_001.fastq.gz	R1	For_SB	SB	mESC	mm10
23_MK03_P6_7_Fw	7588_157_23_MK03_P6_7_Fw_GCTACGCT-TCGCATAA_S157_R2_001.fastq.gz	R2	For_SB	SB	mESC	mm10
23_MK03_P6_8_Fw	7588_158_23_MK03_P6_8_Fw_CGAGGCTG-TCGCATAA_S158_R1_001.fastq.gz	R1	For_SB	SB	mESC	mm10
23_MK03_P6_8_Fw	7588_158_23_MK03_P6_8_Fw_CGAGGCTG-TCGCATAA_S158_R2_001.fastq.gz	R2	For_SB	SB	mESC	mm10
23_MK03_P6_9_Fw	7588_159_23_MK03_P6_9_Fw_AAGAGGCA-TCGCATAA_S159_R1_001.fastq.gz	R1	For_SB	SB	mESC	mm10
23_MK03_P6_9_Fw	7588_159_23_MK03_P6_9_Fw_AAGAGGCA-TCGCATAA_S159_R2_001.fastq.gz	R2	For_SB	SB	mESC	mm10
23_MK03_P6_10_Fw	7588_160_23_MK03_P6_10_Fw_GTAGAGGA-TCGCATAA_S160_R1_001.fastq.gz	R1	For_SB	SB	mESC	mm10
23_MK03_P6_10_Fw	7588_160_23_MK03_P6_10_Fw_GTAGAGGA-TCGCATAA_S160_R2_001.fastq.gz	R2	For_SB	SB	mESC	mm10
23_MK01_P2_1_Rv	7588_161_23_MK01_P2_1_Rv_ATCTCAGG-TCTACTCT_S161_R1_001.fastq.gz	R1	Rev_SB	SB	mESC	mm10
23_MK01_P2_1_Rv	7588_161_23_MK01_P2_1_Rv_ATCTCAGG-TCTACTCT_S161_R2_001.fastq.gz	R2	Rev_SB	SB	mESC	mm10
23_MK01_P2_2_Rv	7588_162_23_MK01_P2_2_Rv_ACTCGCTA-TCTACTCT_S162_R1_001.fastq.gz	R1	Rev_SB	SB	mESC	mm10
23_MK01_P2_2_Rv	7588_162_23_MK01_P2_2_Rv_ACTCGCTA-TCTACTCT_S162_R2_001.fastq.gz	R2	Rev_SB	SB	mESC	mm10
23_MK01_P2_3_Rv	7588_163_23_MK01_P2_3_Rv_GGAGCTAC-TCTACTCT_S163_R1_001.fastq.gz	R1	Rev_SB	SB	mESC	mm10
23_MK01_P2_3_Rv	7588_163_23_MK01_P2_3_Rv_GGAGCTAC-TCTACTCT_S163_R2_001.fastq.gz	R2	Rev_SB	SB	mESC	mm10
23_MK01_P2_4_Rv	7588_164_23_MK01_P2_4_Rv_GCGTAGTA-TCTACTCT_S164_R1_001.fastq.gz	R1	Rev_SB	SB	mESC	mm10
23_MK01_P2_4_Rv	7588_164_23_MK01_P2_4_Rv_GCGTAGTA-TCTACTCT_S164_R2_001.fastq.gz	R2	Rev_SB	SB	mESC	mm10
23_MK01_P2_5_Rv	7588_165_23_MK01_P2_5_Rv_CGGAGCCT-TCTACTCT_S165_R1_001.fastq.gz	R1	Rev_SB	SB	mESC	mm10
23_MK01_P2_5_Rv	7588_165_23_MK01_P2_5_Rv_CGGAGCCT-TCTACTCT_S165_R2_001.fastq.gz	R2	Rev_SB	SB	mESC	mm10
23_MK01_P2_6_Rv	7588_166_23_MK01_P2_6_Rv_TACGCTGC-TCTACTCT_S166_R1_001.fastq.gz	R1	Rev_SB	SB	mESC	mm10
23_MK01_P2_6_Rv	7588_166_23_MK01_P2_6_Rv_TACGCTGC-TCTACTCT_S166_R2_001.fastq.gz	R2	Rev_SB	SB	mESC	mm10
23_MK01_P2_7_Rv	7588_167_23_MK01_P2_7_Rv_ATGCGCAG-TCTACTCT_S167_R1_001.fastq.gz	R1	Rev_SB	SB	mESC	mm10
23_MK01_P2_7_Rv	7588_167_23_MK01_P2_7_Rv_ATGCGCAG-TCTACTCT_S167_R2_001.fastq.gz	R2	Rev_SB	SB	mESC	mm10
23_MK01_P2_8_Rv	7588_168_23_MK01_P2_8_Rv_TAGCGCTC-TCTACTCT_S168_R1_001.fastq.gz	R1	Rev_SB	SB	mESC	mm10
23_MK01_P2_8_Rv	7588_168_23_MK01_P2_8_Rv_TAGCGCTC-TCTACTCT_S168_R2_001.fastq.gz	R2	Rev_SB	SB	mESC	mm10
23_MK01_P2_9_Rv	7588_169_23_MK01_P2_9_Rv_ACTGAGCG-TCTACTCT_S169_R1_001.fastq.gz	R1	Rev_SB	SB	mESC	mm10
23_MK01_P2_9_Rv	7588_169_23_MK01_P2_9_Rv_ACTGAGCG-TCTACTCT_S169_R2_001.fastq.gz	R2	Rev_SB	SB	mESC	mm10
23_MK01_P2_10_Rv	7588_170_23_MK01_P2_10_Rv_CCTAAGAC-TCTACTCT_S170_R1_001.fastq.gz	R1	Rev_SB	SB	mESC	mm10
23_MK01_P2_10_Rv	7588_170_23_MK01_P2_10_Rv_CCTAAGAC-TCTACTCT_S170_R2_001.fastq.gz	R2	Rev_SB	SB	mESC	mm10
23_MK01_P1_1_Rv	7588_171_23_MK01_P1_1_Rv_CGATCAGT-TCTACTCT_S171_R1_001.fastq.gz	R1	Rev_SB	SB	mESC	mm10
23_MK01_P1_1_Rv	7588_171_23_MK01_P1_1_Rv_CGATCAGT-TCTACTCT_S171_R2_001.fastq.gz	R2	Rev_SB	SB	mESC	mm10
23_MK01_P3_1_Rv	7588_172_23_MK01_P3_1_Rv_ATCTCAGG-CTCCTTAC_S172_R1_001.fastq.gz	R1	Rev_SB	SB	mESC	mm10
23_MK01_P3_1_Rv	7588_172_23_MK01_P3_1_Rv_ATCTCAGG-CTCCTTAC_S172_R2_001.fastq.gz	R2	Rev_SB	SB	mESC	mm10
23_MK01_P3_2_Rv	7588_173_23_MK01_P3_2_Rv_ACTCGCTA-CTCCTTAC_S173_R1_001.fastq.gz	R1	Rev_SB	SB	mESC	mm10
23_MK01_P3_2_Rv	7588_173_23_MK01_P3_2_Rv_ACTCGCTA-CTCCTTAC_S173_R2_001.fastq.gz	R2	Rev_SB	SB	mESC	mm10
23_MK01_P3_3_Rv	7588_174_23_MK01_P3_3_Rv_GGAGCTAC-CTCCTTAC_S174_R1_001.fastq.gz	R1	Rev_SB	SB	mESC	mm10
23_MK01_P3_3_Rv	7588_174_23_MK01_P3_3_Rv_GGAGCTAC-CTCCTTAC_S174_R2_001.fastq.gz	R2	Rev_SB	SB	mESC	mm10
23_MK01_P3_4_Rv	7588_175_23_MK01_P3_4_Rv_GCGTAGTA-CTCCTTAC_S175_R1_001.fastq.gz	R1	Rev_SB	SB	mESC	mm10
23_MK01_P3_4_Rv	7588_175_23_MK01_P3_4_Rv_GCGTAGTA-CTCCTTAC_S175_R2_001.fastq.gz	R2	Rev_SB	SB	mESC	mm10
23_MK01_P3_5_Rv	7588_176_23_MK01_P3_5_Rv_CGGAGCCT-CTCCTTAC_S176_R1_001.fastq.gz	R1	Rev_SB	SB	mESC	mm10
23_MK01_P3_5_Rv	7588_176_23_MK01_P3_5_Rv_CGGAGCCT-CTCCTTAC_S176_R2_001.fastq.gz	R2	Rev_SB	SB	mESC	mm10
23_MK01_P3_6_Rv	7588_177_23_MK01_P3_6_Rv_TACGCTGC-CTCCTTAC_S177_R1_001.fastq.gz	R1	Rev_SB	SB	mESC	mm10
23_MK01_P3_6_Rv	7588_177_23_MK01_P3_6_Rv_TACGCTGC-CTCCTTAC_S177_R2_001.fastq.gz	R2	Rev_SB	SB	mESC	mm10
23_MK01_P3_7_Rv	7588_178_23_MK01_P3_7_Rv_ATGCGCAG-CTCCTTAC_S178_R1_001.fastq.gz	R1	Rev_SB	SB	mESC	mm10
23_MK01_P3_7_Rv	7588_178_23_MK01_P3_7_Rv_ATGCGCAG-CTCCTTAC_S178_R2_001.fastq.gz	R2	Rev_SB	SB	mESC	mm10
23_MK01_P3_8_Rv	7588_179_23_MK01_P3_8_Rv_TAGCGCTC-CTCCTTAC_S179_R1_001.fastq.gz	R1	Rev_SB	SB	mESC	mm10
23_MK01_P3_8_Rv	7588_179_23_MK01_P3_8_Rv_TAGCGCTC-CTCCTTAC_S179_R2_001.fastq.gz	R2	Rev_SB	SB	mESC	mm10
23_MK01_P3_9_Rv	7588_180_23_MK01_P3_9_Rv_ACTGAGCG-CTCCTTAC_S180_R1_001.fastq.gz	R1	Rev_SB	SB	mESC	mm10
23_MK01_P3_9_Rv	7588_180_23_MK01_P3_9_Rv_ACTGAGCG-CTCCTTAC_S180_R2_001.fastq.gz	R2	Rev_SB	SB	mESC	mm10
23_MK01_P3_10_Rv	7588_181_23_MK01_P3_10_Rv_CCTAAGAC-CTCCTTAC_S181_R1_001.fastq.gz	R1	Rev_SB	SB	mESC	mm10
23_MK01_P3_10_Rv	7588_181_23_MK01_P3_10_Rv_CCTAAGAC-CTCCTTAC_S181_R2_001.fastq.gz	R2	Rev_SB	SB	mESC	mm10
23_MK03_P1_1_Rv	7588_182_23_MK03_P1_1_Rv_CGATCAGT-CTCCTTAC_S182_R1_001.fastq.gz	R1	Rev_SB	SB	mESC	mm10
23_MK03_P1_1_Rv	7588_182_23_MK03_P1_1_Rv_CGATCAGT-CTCCTTAC_S182_R2_001.fastq.gz	R2	Rev_SB	SB	mESC	mm10
23_MK01_P4_1_Rv	7588_183_23_MK01_P4_1_Rv_ATCTCAGG-TATGCAGT_S183_R1_001.fastq.gz	R1	Rev_SB	SB	mESC	mm10
23_MK01_P4_1_Rv	7588_183_23_MK01_P4_1_Rv_ATCTCAGG-TATGCAGT_S183_R2_001.fastq.gz	R2	Rev_SB	SB	mESC	mm10
23_MK01_P4_2_Rv	7588_184_23_MK01_P4_2_Rv_ACTCGCTA-TATGCAGT_S184_R1_001.fastq.gz	R1	Rev_SB	SB	mESC	mm10
23_MK01_P4_2_Rv	7588_184_23_MK01_P4_2_Rv_ACTCGCTA-TATGCAGT_S184_R2_001.fastq.gz	R2	Rev_SB	SB	mESC	mm10
23_MK01_P4_3_Rv	7588_185_23_MK01_P4_3_Rv_GGAGCTAC-TATGCAGT_S185_R1_001.fastq.gz	R1	Rev_SB	SB	mESC	mm10
23_MK01_P4_3_Rv	7588_185_23_MK01_P4_3_Rv_GGAGCTAC-TATGCAGT_S185_R2_001.fastq.gz	R2	Rev_SB	SB	mESC	mm10
23_MK01_P4_4_Rv	7588_186_23_MK01_P4_4_Rv_GCGTAGTA-TATGCAGT_S186_R1_001.fastq.gz	R1	Rev_SB	SB	mESC	mm10
23_MK01_P4_4_Rv	7588_186_23_MK01_P4_4_Rv_GCGTAGTA-TATGCAGT_S186_R2_001.fastq.gz	R2	Rev_SB	SB	mESC	mm10
23_MK01_P4_5_Rv	7588_187_23_MK01_P4_5_Rv_CGGAGCCT-TATGCAGT_S187_R1_001.fastq.gz	R1	Rev_SB	SB	mESC	mm10
23_MK01_P4_5_Rv	7588_187_23_MK01_P4_5_Rv_CGGAGCCT-TATGCAGT_S187_R2_001.fastq.gz	R2	Rev_SB	SB	mESC	mm10
23_MK01_P4_6_Rv	7588_188_23_MK01_P4_6_Rv_TACGCTGC-TATGCAGT_S188_R1_001.fastq.gz	R1	Rev_SB	SB	mESC	mm10
23_MK01_P4_6_Rv	7588_188_23_MK01_P4_6_Rv_TACGCTGC-TATGCAGT_S188_R2_001.fastq.gz	R2	Rev_SB	SB	mESC	mm10
23_MK01_P4_7_Rv	7588_189_23_MK01_P4_7_Rv_ATGCGCAG-TATGCAGT_S189_R1_001.fastq.gz	R1	Rev_SB	SB	mESC	mm10
23_MK01_P4_7_Rv	7588_189_23_MK01_P4_7_Rv_ATGCGCAG-TATGCAGT_S189_R2_001.fastq.gz	R2	Rev_SB	SB	mESC	mm10
23_MK01_P4_8_Rv	7588_190_23_MK01_P4_8_Rv_TAGCGCTC-TATGCAGT_S190_R1_001.fastq.gz	R1	Rev_SB	SB	mESC	mm10
23_MK01_P4_8_Rv	7588_190_23_MK01_P4_8_Rv_TAGCGCTC-TATGCAGT_S190_R2_001.fastq.gz	R2	Rev_SB	SB	mESC	mm10
23_MK01_P4_9_Rv	7588_191_23_MK01_P4_9_Rv_ACTGAGCG-TATGCAGT_S191_R1_001.fastq.gz	R1	Rev_SB	SB	mESC	mm10
23_MK01_P4_9_Rv	7588_191_23_MK01_P4_9_Rv_ACTGAGCG-TATGCAGT_S191_R2_001.fastq.gz	R2	Rev_SB	SB	mESC	mm10
23_MK01_P4_10_Rv	7588_192_23_MK01_P4_10_Rv_CCTAAGAC-TATGCAGT_S192_R1_001.fastq.gz	R1	Rev_SB	SB	mESC	mm10
23_MK01_P4_10_Rv	7588_192_23_MK01_P4_10_Rv_CCTAAGAC-TATGCAGT_S192_R2_001.fastq.gz	R2	Rev_SB	SB	mESC	mm10
E2339_3xCTCF_mid_new_Rv	7588_193_E2339_3xCTCF_mid_new_Rv_CGATCAGT-TATGCAGT_S193_R1_001.fastq.gz	R1	Rev_SB	SB	mESC	mm10
E2339_3xCTCF_mid_new_Rv	7588_193_E2339_3xCTCF_mid_new_Rv_CGATCAGT-TATGCAGT_S193_R2_001.fastq.gz	R2	Rev_SB	SB	mESC	mm10
23_MK01_P5_1_Rv	7588_194_23_MK01_P5_1_Rv_ATCTCAGG-TACTCCTT_S194_R1_001.fastq.gz	R1	Rev_SB	SB	mESC	mm10
23_MK01_P5_1_Rv	7588_194_23_MK01_P5_1_Rv_ATCTCAGG-TACTCCTT_S194_R2_001.fastq.gz	R2	Rev_SB	SB	mESC	mm10
23_MK01_P5_2_Rv	7588_195_23_MK01_P5_2_Rv_ACTCGCTA-TACTCCTT_S195_R1_001.fastq.gz	R1	Rev_SB	SB	mESC	mm10
23_MK01_P5_2_Rv	7588_195_23_MK01_P5_2_Rv_ACTCGCTA-TACTCCTT_S195_R2_001.fastq.gz	R2	Rev_SB	SB	mESC	mm10
23_MK01_P5_3_Rv	7588_196_23_MK01_P5_3_Rv_GGAGCTAC-TACTCCTT_S196_R1_001.fastq.gz	R1	Rev_SB	SB	mESC	mm10
23_MK01_P5_3_Rv	7588_196_23_MK01_P5_3_Rv_GGAGCTAC-TACTCCTT_S196_R2_001.fastq.gz	R2	Rev_SB	SB	mESC	mm10
23_MK01_P5_4_Rv	7588_197_23_MK01_P5_4_Rv_GCGTAGTA-TACTCCTT_S197_R1_001.fastq.gz	R1	Rev_SB	SB	mESC	mm10
23_MK01_P5_4_Rv	7588_197_23_MK01_P5_4_Rv_GCGTAGTA-TACTCCTT_S197_R2_001.fastq.gz	R2	Rev_SB	SB	mESC	mm10
23_MK01_P5_5_Rv	7588_198_23_MK01_P5_5_Rv_CGGAGCCT-TACTCCTT_S198_R1_001.fastq.gz	R1	Rev_SB	SB	mESC	mm10
23_MK01_P5_5_Rv	7588_198_23_MK01_P5_5_Rv_CGGAGCCT-TACTCCTT_S198_R2_001.fastq.gz	R2	Rev_SB	SB	mESC	mm10
23_MK01_P5_6_Rv	7588_199_23_MK01_P5_6_Rv_TACGCTGC-TACTCCTT_S199_R1_001.fastq.gz	R1	Rev_SB	SB	mESC	mm10
23_MK01_P5_6_Rv	7588_199_23_MK01_P5_6_Rv_TACGCTGC-TACTCCTT_S199_R2_001.fastq.gz	R2	Rev_SB	SB	mESC	mm10
23_MK01_P5_7_Rv	7588_200_23_MK01_P5_7_Rv_ATGCGCAG-TACTCCTT_S200_R1_001.fastq.gz	R1	Rev_SB	SB	mESC	mm10
23_MK01_P5_7_Rv	7588_200_23_MK01_P5_7_Rv_ATGCGCAG-TACTCCTT_S200_R2_001.fastq.gz	R2	Rev_SB	SB	mESC	mm10
23_MK01_P5_8_Rv	7588_201_23_MK01_P5_8_Rv_TAGCGCTC-TACTCCTT_S201_R1_001.fastq.gz	R1	Rev_SB	SB	mESC	mm10
23_MK01_P5_8_Rv	7588_201_23_MK01_P5_8_Rv_TAGCGCTC-TACTCCTT_S201_R2_001.fastq.gz	R2	Rev_SB	SB	mESC	mm10
23_MK01_P5_9_Rv	7588_202_23_MK01_P5_9_Rv_ACTGAGCG-TACTCCTT_S202_R1_001.fastq.gz	R1	Rev_SB	SB	mESC	mm10
23_MK01_P5_9_Rv	7588_202_23_MK01_P5_9_Rv_ACTGAGCG-TACTCCTT_S202_R2_001.fastq.gz	R2	Rev_SB	SB	mESC	mm10
23_MK01_P5_10_Rv	7588_203_23_MK01_P5_10_Rv_CCTAAGAC-TACTCCTT_S203_R1_001.fastq.gz	R1	Rev_SB	SB	mESC	mm10
23_MK01_P5_10_Rv	7588_203_23_MK01_P5_10_Rv_CCTAAGAC-TACTCCTT_S203_R2_001.fastq.gz	R2	Rev_SB	SB	mESC	mm10
E2339_3xCTCF_high_new_Rv	7588_204_E2339_3xCTCF_high_new_Rv_CGATCAGT-TACTCCTT_S204_R1_001.fastq.gz	R1	Rev_SB	SB	mESC	mm10
E2339_3xCTCF_high_new_Rv	7588_204_E2339_3xCTCF_high_new_Rv_CGATCAGT-TACTCCTT_S204_R2_001.fastq.gz	R2	Rev_SB	SB	mESC	mm10
23_MK01_P6_1_Rv	7588_205_23_MK01_P6_1_Rv_ATCTCAGG-AGGCTTAG_S205_R1_001.fastq.gz	R1	Rev_SB	SB	mESC	mm10
23_MK01_P6_1_Rv	7588_205_23_MK01_P6_1_Rv_ATCTCAGG-AGGCTTAG_S205_R2_001.fastq.gz	R2	Rev_SB	SB	mESC	mm10
23_MK01_P6_2_Rv	7588_206_23_MK01_P6_2_Rv_ACTCGCTA-AGGCTTAG_S206_R1_001.fastq.gz	R1	Rev_SB	SB	mESC	mm10
23_MK01_P6_2_Rv	7588_206_23_MK01_P6_2_Rv_ACTCGCTA-AGGCTTAG_S206_R2_001.fastq.gz	R2	Rev_SB	SB	mESC	mm10
23_MK01_P6_3_Rv	7588_207_23_MK01_P6_3_Rv_GGAGCTAC-AGGCTTAG_S207_R1_001.fastq.gz	R1	Rev_SB	SB	mESC	mm10
23_MK01_P6_3_Rv	7588_207_23_MK01_P6_3_Rv_GGAGCTAC-AGGCTTAG_S207_R2_001.fastq.gz	R2	Rev_SB	SB	mESC	mm10
23_MK01_P6_4_Rv	7588_208_23_MK01_P6_4_Rv_GCGTAGTA-AGGCTTAG_S208_R1_001.fastq.gz	R1	Rev_SB	SB	mESC	mm10
23_MK01_P6_4_Rv	7588_208_23_MK01_P6_4_Rv_GCGTAGTA-AGGCTTAG_S208_R2_001.fastq.gz	R2	Rev_SB	SB	mESC	mm10
23_MK01_P6_5_Rv	7588_209_23_MK01_P6_5_Rv_CGGAGCCT-AGGCTTAG_S209_R1_001.fastq.gz	R1	Rev_SB	SB	mESC	mm10
23_MK01_P6_5_Rv	7588_209_23_MK01_P6_5_Rv_CGGAGCCT-AGGCTTAG_S209_R2_001.fastq.gz	R2	Rev_SB	SB	mESC	mm10
23_MK01_P6_6_Rv	7588_210_23_MK01_P6_6_Rv_TACGCTGC-AGGCTTAG_S210_R1_001.fastq.gz	R1	Rev_SB	SB	mESC	mm10
23_MK01_P6_6_Rv	7588_210_23_MK01_P6_6_Rv_TACGCTGC-AGGCTTAG_S210_R2_001.fastq.gz	R2	Rev_SB	SB	mESC	mm10
23_MK01_P6_7_Rv	7588_211_23_MK01_P6_7_Rv_ATGCGCAG-AGGCTTAG_S211_R1_001.fastq.gz	R1	Rev_SB	SB	mESC	mm10
23_MK01_P6_7_Rv	7588_211_23_MK01_P6_7_Rv_ATGCGCAG-AGGCTTAG_S211_R2_001.fastq.gz	R2	Rev_SB	SB	mESC	mm10
23_MK01_P6_8_Rv	7588_212_23_MK01_P6_8_Rv_TAGCGCTC-AGGCTTAG_S212_R1_001.fastq.gz	R1	Rev_SB	SB	mESC	mm10
23_MK01_P6_8_Rv	7588_212_23_MK01_P6_8_Rv_TAGCGCTC-AGGCTTAG_S212_R2_001.fastq.gz	R2	Rev_SB	SB	mESC	mm10
23_MK01_P6_9_Rv	7588_213_23_MK01_P6_9_Rv_ACTGAGCG-AGGCTTAG_S213_R1_001.fastq.gz	R1	Rev_SB	SB	mESC	mm10
23_MK01_P6_9_Rv	7588_213_23_MK01_P6_9_Rv_ACTGAGCG-AGGCTTAG_S213_R2_001.fastq.gz	R2	Rev_SB	SB	mESC	mm10
23_MK01_P6_10_Rv	7588_214_23_MK01_P6_10_Rv_CCTAAGAC-AGGCTTAG_S214_R1_001.fastq.gz	R1	Rev_SB	SB	mESC	mm10
23_MK01_P6_10_Rv	7588_214_23_MK01_P6_10_Rv_CCTAAGAC-AGGCTTAG_S214_R2_001.fastq.gz	R2	Rev_SB	SB	mESC	mm10
23_MK02_P2_1_Rv	7588_215_23_MK02_P2_1_Rv_ATCTCAGG-ATTAGACG_S215_R1_001.fastq.gz	R1	Rev_SB	SB	mESC	mm10
23_MK02_P2_1_Rv	7588_215_23_MK02_P2_1_Rv_ATCTCAGG-ATTAGACG_S215_R2_001.fastq.gz	R2	Rev_SB	SB	mESC	mm10
23_MK02_P2_2_Rv	7588_216_23_MK02_P2_2_Rv_ACTCGCTA-ATTAGACG_S216_R1_001.fastq.gz	R1	Rev_SB	SB	mESC	mm10
23_MK02_P2_2_Rv	7588_216_23_MK02_P2_2_Rv_ACTCGCTA-ATTAGACG_S216_R2_001.fastq.gz	R2	Rev_SB	SB	mESC	mm10
23_MK02_P2_3_Rv	7588_217_23_MK02_P2_3_Rv_GGAGCTAC-ATTAGACG_S217_R1_001.fastq.gz	R1	Rev_SB	SB	mESC	mm10
23_MK02_P2_3_Rv	7588_217_23_MK02_P2_3_Rv_GGAGCTAC-ATTAGACG_S217_R2_001.fastq.gz	R2	Rev_SB	SB	mESC	mm10
23_MK02_P2_4_Rv	7588_218_23_MK02_P2_4_Rv_GCGTAGTA-ATTAGACG_S218_R1_001.fastq.gz	R1	Rev_SB	SB	mESC	mm10
23_MK02_P2_4_Rv	7588_218_23_MK02_P2_4_Rv_GCGTAGTA-ATTAGACG_S218_R2_001.fastq.gz	R2	Rev_SB	SB	mESC	mm10
23_MK02_P2_5_Rv	7588_219_23_MK02_P2_5_Rv_CGGAGCCT-ATTAGACG_S219_R1_001.fastq.gz	R1	Rev_SB	SB	mESC	mm10
23_MK02_P2_5_Rv	7588_219_23_MK02_P2_5_Rv_CGGAGCCT-ATTAGACG_S219_R2_001.fastq.gz	R2	Rev_SB	SB	mESC	mm10
23_MK02_P2_6_Rv	7588_220_23_MK02_P2_6_Rv_TACGCTGC-ATTAGACG_S220_R1_001.fastq.gz	R1	Rev_SB	SB	mESC	mm10
23_MK02_P2_6_Rv	7588_220_23_MK02_P2_6_Rv_TACGCTGC-ATTAGACG_S220_R2_001.fastq.gz	R2	Rev_SB	SB	mESC	mm10
23_MK02_P2_7_Rv	7588_221_23_MK02_P2_7_Rv_ATGCGCAG-ATTAGACG_S221_R1_001.fastq.gz	R1	Rev_SB	SB	mESC	mm10
23_MK02_P2_7_Rv	7588_221_23_MK02_P2_7_Rv_ATGCGCAG-ATTAGACG_S221_R2_001.fastq.gz	R2	Rev_SB	SB	mESC	mm10
23_MK02_P2_8_Rv	7588_222_23_MK02_P2_8_Rv_TAGCGCTC-ATTAGACG_S222_R1_001.fastq.gz	R1	Rev_SB	SB	mESC	mm10
23_MK02_P2_8_Rv	7588_222_23_MK02_P2_8_Rv_TAGCGCTC-ATTAGACG_S222_R2_001.fastq.gz	R2	Rev_SB	SB	mESC	mm10
23_MK02_P2_9_Rv	7588_223_23_MK02_P2_9_Rv_ACTGAGCG-ATTAGACG_S223_R1_001.fastq.gz	R1	Rev_SB	SB	mESC	mm10
23_MK02_P2_9_Rv	7588_223_23_MK02_P2_9_Rv_ACTGAGCG-ATTAGACG_S223_R2_001.fastq.gz	R2	Rev_SB	SB	mESC	mm10
23_MK02_P2_10_Rv	7588_224_23_MK02_P2_10_Rv_CCTAAGAC-ATTAGACG_S224_R1_001.fastq.gz	R1	Rev_SB	SB	mESC	mm10
23_MK02_P2_10_Rv	7588_224_23_MK02_P2_10_Rv_CCTAAGAC-ATTAGACG_S224_R2_001.fastq.gz	R2	Rev_SB	SB	mESC	mm10
23_MK02_P3_1_Rv	7588_225_23_MK02_P3_1_Rv_ATCTCAGG-CGGAGAGA_S225_R1_001.fastq.gz	R1	Rev_SB	SB	mESC	mm10
23_MK02_P3_1_Rv	7588_225_23_MK02_P3_1_Rv_ATCTCAGG-CGGAGAGA_S225_R2_001.fastq.gz	R2	Rev_SB	SB	mESC	mm10
23_MK02_P3_2_Rv	7588_226_23_MK02_P3_2_Rv_ACTCGCTA-CGGAGAGA_S226_R1_001.fastq.gz	R1	Rev_SB	SB	mESC	mm10
23_MK02_P3_2_Rv	7588_226_23_MK02_P3_2_Rv_ACTCGCTA-CGGAGAGA_S226_R2_001.fastq.gz	R2	Rev_SB	SB	mESC	mm10
23_MK02_P3_3_Rv	7588_227_23_MK02_P3_3_Rv_GGAGCTAC-CGGAGAGA_S227_R1_001.fastq.gz	R1	Rev_SB	SB	mESC	mm10
23_MK02_P3_3_Rv	7588_227_23_MK02_P3_3_Rv_GGAGCTAC-CGGAGAGA_S227_R2_001.fastq.gz	R2	Rev_SB	SB	mESC	mm10
23_MK02_P3_4_Rv	7588_228_23_MK02_P3_4_Rv_GCGTAGTA-CGGAGAGA_S228_R1_001.fastq.gz	R1	Rev_SB	SB	mESC	mm10
23_MK02_P3_4_Rv	7588_228_23_MK02_P3_4_Rv_GCGTAGTA-CGGAGAGA_S228_R2_001.fastq.gz	R2	Rev_SB	SB	mESC	mm10
23_MK02_P3_5_Rv	7588_229_23_MK02_P3_5_Rv_CGGAGCCT-CGGAGAGA_S229_R1_001.fastq.gz	R1	Rev_SB	SB	mESC	mm10
23_MK02_P3_5_Rv	7588_229_23_MK02_P3_5_Rv_CGGAGCCT-CGGAGAGA_S229_R2_001.fastq.gz	R2	Rev_SB	SB	mESC	mm10
23_MK02_P3_6_Rv	7588_230_23_MK02_P3_6_Rv_TACGCTGC-CGGAGAGA_S230_R1_001.fastq.gz	R1	Rev_SB	SB	mESC	mm10
23_MK02_P3_6_Rv	7588_230_23_MK02_P3_6_Rv_TACGCTGC-CGGAGAGA_S230_R2_001.fastq.gz	R2	Rev_SB	SB	mESC	mm10
23_MK02_P3_7_Rv	7588_231_23_MK02_P3_7_Rv_ATGCGCAG-CGGAGAGA_S231_R1_001.fastq.gz	R1	Rev_SB	SB	mESC	mm10
23_MK02_P3_7_Rv	7588_231_23_MK02_P3_7_Rv_ATGCGCAG-CGGAGAGA_S231_R2_001.fastq.gz	R2	Rev_SB	SB	mESC	mm10
23_MK02_P3_8_Rv	7588_232_23_MK02_P3_8_Rv_TAGCGCTC-CGGAGAGA_S232_R1_001.fastq.gz	R1	Rev_SB	SB	mESC	mm10
23_MK02_P3_8_Rv	7588_232_23_MK02_P3_8_Rv_TAGCGCTC-CGGAGAGA_S232_R2_001.fastq.gz	R2	Rev_SB	SB	mESC	mm10
23_MK02_P3_9_Rv	7588_233_23_MK02_P3_9_Rv_ACTGAGCG-CGGAGAGA_S233_R1_001.fastq.gz	R1	Rev_SB	SB	mESC	mm10
23_MK02_P3_9_Rv	7588_233_23_MK02_P3_9_Rv_ACTGAGCG-CGGAGAGA_S233_R2_001.fastq.gz	R2	Rev_SB	SB	mESC	mm10
23_MK02_P3_10_Rv	7588_234_23_MK02_P3_10_Rv_CCTAAGAC-CGGAGAGA_S234_R1_001.fastq.gz	R1	Rev_SB	SB	mESC	mm10
23_MK02_P3_10_Rv	7588_234_23_MK02_P3_10_Rv_CCTAAGAC-CGGAGAGA_S234_R2_001.fastq.gz	R2	Rev_SB	SB	mESC	mm10
23_MK02_P4_1_Rv	7588_235_23_MK02_P4_1_Rv_ATCTCAGG-CTAGTCGA_S235_R1_001.fastq.gz	R1	Rev_SB	SB	mESC	mm10
23_MK02_P4_1_Rv	7588_235_23_MK02_P4_1_Rv_ATCTCAGG-CTAGTCGA_S235_R2_001.fastq.gz	R2	Rev_SB	SB	mESC	mm10
23_MK02_P4_2_Rv	7588_236_23_MK02_P4_2_Rv_ACTCGCTA-CTAGTCGA_S236_R1_001.fastq.gz	R1	Rev_SB	SB	mESC	mm10
23_MK02_P4_2_Rv	7588_236_23_MK02_P4_2_Rv_ACTCGCTA-CTAGTCGA_S236_R2_001.fastq.gz	R2	Rev_SB	SB	mESC	mm10
23_MK02_P4_3_Rv	7588_237_23_MK02_P4_3_Rv_GGAGCTAC-CTAGTCGA_S237_R1_001.fastq.gz	R1	Rev_SB	SB	mESC	mm10
23_MK02_P4_3_Rv	7588_237_23_MK02_P4_3_Rv_GGAGCTAC-CTAGTCGA_S237_R2_001.fastq.gz	R2	Rev_SB	SB	mESC	mm10
23_MK02_P4_4_Rv	7588_238_23_MK02_P4_4_Rv_GCGTAGTA-CTAGTCGA_S238_R1_001.fastq.gz	R1	Rev_SB	SB	mESC	mm10
23_MK02_P4_4_Rv	7588_238_23_MK02_P4_4_Rv_GCGTAGTA-CTAGTCGA_S238_R2_001.fastq.gz	R2	Rev_SB	SB	mESC	mm10
23_MK02_P4_5_Rv	7588_239_23_MK02_P4_5_Rv_CGGAGCCT-CTAGTCGA_S239_R1_001.fastq.gz	R1	Rev_SB	SB	mESC	mm10
23_MK02_P4_5_Rv	7588_239_23_MK02_P4_5_Rv_CGGAGCCT-CTAGTCGA_S239_R2_001.fastq.gz	R2	Rev_SB	SB	mESC	mm10
23_MK02_P4_6_Rv	7588_240_23_MK02_P4_6_Rv_TACGCTGC-CTAGTCGA_S240_R1_001.fastq.gz	R1	Rev_SB	SB	mESC	mm10
23_MK02_P4_6_Rv	7588_240_23_MK02_P4_6_Rv_TACGCTGC-CTAGTCGA_S240_R2_001.fastq.gz	R2	Rev_SB	SB	mESC	mm10
23_MK02_P4_7_Rv	7588_241_23_MK02_P4_7_Rv_ATGCGCAG-CTAGTCGA_S241_R1_001.fastq.gz	R1	Rev_SB	SB	mESC	mm10
23_MK02_P4_7_Rv	7588_241_23_MK02_P4_7_Rv_ATGCGCAG-CTAGTCGA_S241_R2_001.fastq.gz	R2	Rev_SB	SB	mESC	mm10
23_MK02_P4_8_Rv	7588_242_23_MK02_P4_8_Rv_TAGCGCTC-CTAGTCGA_S242_R1_001.fastq.gz	R1	Rev_SB	SB	mESC	mm10
23_MK02_P4_8_Rv	7588_242_23_MK02_P4_8_Rv_TAGCGCTC-CTAGTCGA_S242_R2_001.fastq.gz	R2	Rev_SB	SB	mESC	mm10
23_MK02_P4_9_Rv	7588_243_23_MK02_P4_9_Rv_ACTGAGCG-CTAGTCGA_S243_R1_001.fastq.gz	R1	Rev_SB	SB	mESC	mm10
23_MK02_P4_9_Rv	7588_243_23_MK02_P4_9_Rv_ACTGAGCG-CTAGTCGA_S243_R2_001.fastq.gz	R2	Rev_SB	SB	mESC	mm10
23_MK02_P4_10_Rv	7588_244_23_MK02_P4_10_Rv_CCTAAGAC-CTAGTCGA_S244_R1_001.fastq.gz	R1	Rev_SB	SB	mESC	mm10
23_MK02_P4_10_Rv	7588_244_23_MK02_P4_10_Rv_CCTAAGAC-CTAGTCGA_S244_R2_001.fastq.gz	R2	Rev_SB	SB	mESC	mm10
23_MK02_P5_1_Rv	7588_245_23_MK02_P5_1_Rv_ATCTCAGG-AGCTAGAA_S245_R1_001.fastq.gz	R1	Rev_SB	SB	mESC	mm10
23_MK02_P5_1_Rv	7588_245_23_MK02_P5_1_Rv_ATCTCAGG-AGCTAGAA_S245_R2_001.fastq.gz	R2	Rev_SB	SB	mESC	mm10
23_MK02_P5_2_Rv	7588_246_23_MK02_P5_2_Rv_ACTCGCTA-AGCTAGAA_S246_R1_001.fastq.gz	R1	Rev_SB	SB	mESC	mm10
23_MK02_P5_2_Rv	7588_246_23_MK02_P5_2_Rv_ACTCGCTA-AGCTAGAA_S246_R2_001.fastq.gz	R2	Rev_SB	SB	mESC	mm10
23_MK02_P5_3_Rv	7588_247_23_MK02_P5_3_Rv_GGAGCTAC-AGCTAGAA_S247_R1_001.fastq.gz	R1	Rev_SB	SB	mESC	mm10
23_MK02_P5_3_Rv	7588_247_23_MK02_P5_3_Rv_GGAGCTAC-AGCTAGAA_S247_R2_001.fastq.gz	R2	Rev_SB	SB	mESC	mm10
23_MK02_P5_4_Rv	7588_248_23_MK02_P5_4_Rv_GCGTAGTA-AGCTAGAA_S248_R1_001.fastq.gz	R1	Rev_SB	SB	mESC	mm10
23_MK02_P5_4_Rv	7588_248_23_MK02_P5_4_Rv_GCGTAGTA-AGCTAGAA_S248_R2_001.fastq.gz	R2	Rev_SB	SB	mESC	mm10
23_MK02_P5_5_Rv	7588_249_23_MK02_P5_5_Rv_CGGAGCCT-AGCTAGAA_S249_R1_001.fastq.gz	R1	Rev_SB	SB	mESC	mm10
23_MK02_P5_5_Rv	7588_249_23_MK02_P5_5_Rv_CGGAGCCT-AGCTAGAA_S249_R2_001.fastq.gz	R2	Rev_SB	SB	mESC	mm10
23_MK02_P5_6_Rv	7588_250_23_MK02_P5_6_Rv_TACGCTGC-AGCTAGAA_S250_R1_001.fastq.gz	R1	Rev_SB	SB	mESC	mm10
23_MK02_P5_6_Rv	7588_250_23_MK02_P5_6_Rv_TACGCTGC-AGCTAGAA_S250_R2_001.fastq.gz	R2	Rev_SB	SB	mESC	mm10
23_MK02_P5_7_Rv	7588_251_23_MK02_P5_7_Rv_ATGCGCAG-AGCTAGAA_S251_R1_001.fastq.gz	R1	Rev_SB	SB	mESC	mm10
23_MK02_P5_7_Rv	7588_251_23_MK02_P5_7_Rv_ATGCGCAG-AGCTAGAA_S251_R2_001.fastq.gz	R2	Rev_SB	SB	mESC	mm10
23_MK02_P5_8_Rv	7588_252_23_MK02_P5_8_Rv_TAGCGCTC-AGCTAGAA_S252_R1_001.fastq.gz	R1	Rev_SB	SB	mESC	mm10
23_MK02_P5_8_Rv	7588_252_23_MK02_P5_8_Rv_TAGCGCTC-AGCTAGAA_S252_R2_001.fastq.gz	R2	Rev_SB	SB	mESC	mm10
23_MK02_P5_9_Rv	7588_253_23_MK02_P5_9_Rv_ACTGAGCG-AGCTAGAA_S253_R1_001.fastq.gz	R1	Rev_SB	SB	mESC	mm10
23_MK02_P5_9_Rv	7588_253_23_MK02_P5_9_Rv_ACTGAGCG-AGCTAGAA_S253_R2_001.fastq.gz	R2	Rev_SB	SB	mESC	mm10
23_MK02_P5_10_Rv	7588_254_23_MK02_P5_10_Rv_CCTAAGAC-AGCTAGAA_S254_R1_001.fastq.gz	R1	Rev_SB	SB	mESC	mm10
23_MK02_P5_10_Rv	7588_254_23_MK02_P5_10_Rv_CCTAAGAC-AGCTAGAA_S254_R2_001.fastq.gz	R2	Rev_SB	SB	mESC	mm10
23_MK02_P6_1_Rv	7588_255_23_MK02_P6_1_Rv_ATCTCAGG-ACTCTAGG_S255_R1_001.fastq.gz	R1	Rev_SB	SB	mESC	mm10
23_MK02_P6_1_Rv	7588_255_23_MK02_P6_1_Rv_ATCTCAGG-ACTCTAGG_S255_R2_001.fastq.gz	R2	Rev_SB	SB	mESC	mm10
23_MK02_P6_2_Rv	7588_256_23_MK02_P6_2_Rv_ACTCGCTA-ACTCTAGG_S256_R1_001.fastq.gz	R1	Rev_SB	SB	mESC	mm10
23_MK02_P6_2_Rv	7588_256_23_MK02_P6_2_Rv_ACTCGCTA-ACTCTAGG_S256_R2_001.fastq.gz	R2	Rev_SB	SB	mESC	mm10
23_MK02_P6_3_Rv	7588_257_23_MK02_P6_3_Rv_GGAGCTAC-ACTCTAGG_S257_R1_001.fastq.gz	R1	Rev_SB	SB	mESC	mm10
23_MK02_P6_3_Rv	7588_257_23_MK02_P6_3_Rv_GGAGCTAC-ACTCTAGG_S257_R2_001.fastq.gz	R2	Rev_SB	SB	mESC	mm10
23_MK02_P6_4_Rv	7588_258_23_MK02_P6_4_Rv_GCGTAGTA-ACTCTAGG_S258_R1_001.fastq.gz	R1	Rev_SB	SB	mESC	mm10
23_MK02_P6_4_Rv	7588_258_23_MK02_P6_4_Rv_GCGTAGTA-ACTCTAGG_S258_R2_001.fastq.gz	R2	Rev_SB	SB	mESC	mm10
23_MK02_P6_5_Rv	7588_259_23_MK02_P6_5_Rv_CGGAGCCT-ACTCTAGG_S259_R1_001.fastq.gz	R1	Rev_SB	SB	mESC	mm10
23_MK02_P6_5_Rv	7588_259_23_MK02_P6_5_Rv_CGGAGCCT-ACTCTAGG_S259_R2_001.fastq.gz	R2	Rev_SB	SB	mESC	mm10
23_MK02_P6_6_Rv	7588_260_23_MK02_P6_6_Rv_TACGCTGC-ACTCTAGG_S260_R1_001.fastq.gz	R1	Rev_SB	SB	mESC	mm10
23_MK02_P6_6_Rv	7588_260_23_MK02_P6_6_Rv_TACGCTGC-ACTCTAGG_S260_R2_001.fastq.gz	R2	Rev_SB	SB	mESC	mm10
23_MK02_P6_7_Rv	7588_261_23_MK02_P6_7_Rv_ATGCGCAG-ACTCTAGG_S261_R1_001.fastq.gz	R1	Rev_SB	SB	mESC	mm10
23_MK02_P6_7_Rv	7588_261_23_MK02_P6_7_Rv_ATGCGCAG-ACTCTAGG_S261_R2_001.fastq.gz	R2	Rev_SB	SB	mESC	mm10
23_MK02_P6_8_Rv	7588_262_23_MK02_P6_8_Rv_TAGCGCTC-ACTCTAGG_S262_R1_001.fastq.gz	R1	Rev_SB	SB	mESC	mm10
23_MK02_P6_8_Rv	7588_262_23_MK02_P6_8_Rv_TAGCGCTC-ACTCTAGG_S262_R2_001.fastq.gz	R2	Rev_SB	SB	mESC	mm10
23_MK02_P6_9_Rv	7588_263_23_MK02_P6_9_Rv_ACTGAGCG-ACTCTAGG_S263_R1_001.fastq.gz	R1	Rev_SB	SB	mESC	mm10
23_MK02_P6_9_Rv	7588_263_23_MK02_P6_9_Rv_ACTGAGCG-ACTCTAGG_S263_R2_001.fastq.gz	R2	Rev_SB	SB	mESC	mm10
23_MK02_P6_10_Rv	7588_264_23_MK02_P6_10_Rv_CCTAAGAC-ACTCTAGG_S264_R1_001.fastq.gz	R1	Rev_SB	SB	mESC	mm10
23_MK02_P6_10_Rv	7588_264_23_MK02_P6_10_Rv_CCTAAGAC-ACTCTAGG_S264_R2_001.fastq.gz	R2	Rev_SB	SB	mESC	mm10
23_MK03_P2_1_Rv	7588_265_23_MK03_P2_1_Rv_ATCTCAGG-TCTTACGC_S265_R1_001.fastq.gz	R1	Rev_SB	SB	mESC	mm10
23_MK03_P2_1_Rv	7588_265_23_MK03_P2_1_Rv_ATCTCAGG-TCTTACGC_S265_R2_001.fastq.gz	R2	Rev_SB	SB	mESC	mm10
23_MK03_P2_2_Rv	7588_266_23_MK03_P2_2_Rv_ACTCGCTA-TCTTACGC_S266_R1_001.fastq.gz	R1	Rev_SB	SB	mESC	mm10
23_MK03_P2_2_Rv	7588_266_23_MK03_P2_2_Rv_ACTCGCTA-TCTTACGC_S266_R2_001.fastq.gz	R2	Rev_SB	SB	mESC	mm10
23_MK03_P2_3_Rv	7588_267_23_MK03_P2_3_Rv_GGAGCTAC-TCTTACGC_S267_R1_001.fastq.gz	R1	Rev_SB	SB	mESC	mm10
23_MK03_P2_3_Rv	7588_267_23_MK03_P2_3_Rv_GGAGCTAC-TCTTACGC_S267_R2_001.fastq.gz	R2	Rev_SB	SB	mESC	mm10
23_MK03_P2_4_Rv	7588_268_23_MK03_P2_4_Rv_GCGTAGTA-TCTTACGC_S268_R1_001.fastq.gz	R1	Rev_SB	SB	mESC	mm10
23_MK03_P2_4_Rv	7588_268_23_MK03_P2_4_Rv_GCGTAGTA-TCTTACGC_S268_R2_001.fastq.gz	R2	Rev_SB	SB	mESC	mm10
23_MK03_P2_5_Rv	7588_269_23_MK03_P2_5_Rv_CGGAGCCT-TCTTACGC_S269_R1_001.fastq.gz	R1	Rev_SB	SB	mESC	mm10
23_MK03_P2_5_Rv	7588_269_23_MK03_P2_5_Rv_CGGAGCCT-TCTTACGC_S269_R2_001.fastq.gz	R2	Rev_SB	SB	mESC	mm10
23_MK03_P2_6_Rv	7588_270_23_MK03_P2_6_Rv_TACGCTGC-TCTTACGC_S270_R1_001.fastq.gz	R1	Rev_SB	SB	mESC	mm10
23_MK03_P2_6_Rv	7588_270_23_MK03_P2_6_Rv_TACGCTGC-TCTTACGC_S270_R2_001.fastq.gz	R2	Rev_SB	SB	mESC	mm10
23_MK03_P2_7_Rv	7588_271_23_MK03_P2_7_Rv_ATGCGCAG-TCTTACGC_S271_R1_001.fastq.gz	R1	Rev_SB	SB	mESC	mm10
23_MK03_P2_7_Rv	7588_271_23_MK03_P2_7_Rv_ATGCGCAG-TCTTACGC_S271_R2_001.fastq.gz	R2	Rev_SB	SB	mESC	mm10
23_MK03_P2_8_Rv	7588_272_23_MK03_P2_8_Rv_TAGCGCTC-TCTTACGC_S272_R1_001.fastq.gz	R1	Rev_SB	SB	mESC	mm10
23_MK03_P2_8_Rv	7588_272_23_MK03_P2_8_Rv_TAGCGCTC-TCTTACGC_S272_R2_001.fastq.gz	R2	Rev_SB	SB	mESC	mm10
23_MK03_P2_9_Rv	7588_273_23_MK03_P2_9_Rv_ACTGAGCG-TCTTACGC_S273_R1_001.fastq.gz	R1	Rev_SB	SB	mESC	mm10
23_MK03_P2_9_Rv	7588_273_23_MK03_P2_9_Rv_ACTGAGCG-TCTTACGC_S273_R2_001.fastq.gz	R2	Rev_SB	SB	mESC	mm10
23_MK03_P2_10_Rv	7588_274_23_MK03_P2_10_Rv_CCTAAGAC-TCTTACGC_S274_R1_001.fastq.gz	R1	Rev_SB	SB	mESC	mm10
23_MK03_P2_10_Rv	7588_274_23_MK03_P2_10_Rv_CCTAAGAC-TCTTACGC_S274_R2_001.fastq.gz	R2	Rev_SB	SB	mESC	mm10
23_MK03_P3_1_Rv	7588_275_23_MK03_P3_1_Rv_ATCTCAGG-CTTAATAG_S275_R1_001.fastq.gz	R1	Rev_SB	SB	mESC	mm10
23_MK03_P3_1_Rv	7588_275_23_MK03_P3_1_Rv_ATCTCAGG-CTTAATAG_S275_R2_001.fastq.gz	R2	Rev_SB	SB	mESC	mm10
23_MK03_P3_2_Rv	7588_276_23_MK03_P3_2_Rv_ACTCGCTA-CTTAATAG_S276_R1_001.fastq.gz	R1	Rev_SB	SB	mESC	mm10
23_MK03_P3_2_Rv	7588_276_23_MK03_P3_2_Rv_ACTCGCTA-CTTAATAG_S276_R2_001.fastq.gz	R2	Rev_SB	SB	mESC	mm10
23_MK03_P3_3_Rv	7588_277_23_MK03_P3_3_Rv_GGAGCTAC-CTTAATAG_S277_R1_001.fastq.gz	R1	Rev_SB	SB	mESC	mm10
23_MK03_P3_3_Rv	7588_277_23_MK03_P3_3_Rv_GGAGCTAC-CTTAATAG_S277_R2_001.fastq.gz	R2	Rev_SB	SB	mESC	mm10
23_MK03_P3_4_Rv	7588_278_23_MK03_P3_4_Rv_GCGTAGTA-CTTAATAG_S278_R1_001.fastq.gz	R1	Rev_SB	SB	mESC	mm10
23_MK03_P3_4_Rv	7588_278_23_MK03_P3_4_Rv_GCGTAGTA-CTTAATAG_S278_R2_001.fastq.gz	R2	Rev_SB	SB	mESC	mm10
23_MK03_P3_5_Rv	7588_279_23_MK03_P3_5_Rv_CGGAGCCT-CTTAATAG_S279_R1_001.fastq.gz	R1	Rev_SB	SB	mESC	mm10
23_MK03_P3_5_Rv	7588_279_23_MK03_P3_5_Rv_CGGAGCCT-CTTAATAG_S279_R2_001.fastq.gz	R2	Rev_SB	SB	mESC	mm10
23_MK03_P3_6_Rv	7588_280_23_MK03_P3_6_Rv_TACGCTGC-CTTAATAG_S280_R1_001.fastq.gz	R1	Rev_SB	SB	mESC	mm10
23_MK03_P3_6_Rv	7588_280_23_MK03_P3_6_Rv_TACGCTGC-CTTAATAG_S280_R2_001.fastq.gz	R2	Rev_SB	SB	mESC	mm10
23_MK03_P3_7_Rv	7588_281_23_MK03_P3_7_Rv_ATGCGCAG-CTTAATAG_S281_R1_001.fastq.gz	R1	Rev_SB	SB	mESC	mm10
23_MK03_P3_7_Rv	7588_281_23_MK03_P3_7_Rv_ATGCGCAG-CTTAATAG_S281_R2_001.fastq.gz	R2	Rev_SB	SB	mESC	mm10
23_MK03_P3_8_Rv	7588_282_23_MK03_P3_8_Rv_TAGCGCTC-CTTAATAG_S282_R1_001.fastq.gz	R1	Rev_SB	SB	mESC	mm10
23_MK03_P3_8_Rv	7588_282_23_MK03_P3_8_Rv_TAGCGCTC-CTTAATAG_S282_R2_001.fastq.gz	R2	Rev_SB	SB	mESC	mm10
23_MK03_P3_9_Rv	7588_283_23_MK03_P3_9_Rv_ACTGAGCG-CTTAATAG_S283_R1_001.fastq.gz	R1	Rev_SB	SB	mESC	mm10
23_MK03_P3_9_Rv	7588_283_23_MK03_P3_9_Rv_ACTGAGCG-CTTAATAG_S283_R2_001.fastq.gz	R2	Rev_SB	SB	mESC	mm10
23_MK03_P3_10_Rv	7588_284_23_MK03_P3_10_Rv_CCTAAGAC-CTTAATAG_S284_R1_001.fastq.gz	R1	Rev_SB	SB	mESC	mm10
23_MK03_P3_10_Rv	7588_284_23_MK03_P3_10_Rv_CCTAAGAC-CTTAATAG_S284_R2_001.fastq.gz	R2	Rev_SB	SB	mESC	mm10
23_MK03_P4_1_Rv	7588_285_23_MK03_P4_1_Rv_ATCTCAGG-ATAGCCTT_S285_R1_001.fastq.gz	R1	Rev_SB	SB	mESC	mm10
23_MK03_P4_1_Rv	7588_285_23_MK03_P4_1_Rv_ATCTCAGG-ATAGCCTT_S285_R2_001.fastq.gz	R2	Rev_SB	SB	mESC	mm10
23_MK03_P4_2_Rv	7588_286_23_MK03_P4_2_Rv_ACTCGCTA-ATAGCCTT_S286_R1_001.fastq.gz	R1	Rev_SB	SB	mESC	mm10
23_MK03_P4_2_Rv	7588_286_23_MK03_P4_2_Rv_ACTCGCTA-ATAGCCTT_S286_R2_001.fastq.gz	R2	Rev_SB	SB	mESC	mm10
23_MK03_P4_3_Rv	7588_287_23_MK03_P4_3_Rv_GGAGCTAC-ATAGCCTT_S287_R1_001.fastq.gz	R1	Rev_SB	SB	mESC	mm10
23_MK03_P4_3_Rv	7588_287_23_MK03_P4_3_Rv_GGAGCTAC-ATAGCCTT_S287_R2_001.fastq.gz	R2	Rev_SB	SB	mESC	mm10
23_MK03_P4_4_Rv	7588_288_23_MK03_P4_4_Rv_GCGTAGTA-ATAGCCTT_S288_R1_001.fastq.gz	R1	Rev_SB	SB	mESC	mm10
23_MK03_P4_4_Rv	7588_288_23_MK03_P4_4_Rv_GCGTAGTA-ATAGCCTT_S288_R2_001.fastq.gz	R2	Rev_SB	SB	mESC	mm10
23_MK03_P4_5_Rv	7588_289_23_MK03_P4_5_Rv_CGGAGCCT-ATAGCCTT_S289_R1_001.fastq.gz	R1	Rev_SB	SB	mESC	mm10
23_MK03_P4_5_Rv	7588_289_23_MK03_P4_5_Rv_CGGAGCCT-ATAGCCTT_S289_R2_001.fastq.gz	R2	Rev_SB	SB	mESC	mm10
23_MK03_P4_6_Rv	7588_290_23_MK03_P4_6_Rv_TACGCTGC-ATAGCCTT_S290_R1_001.fastq.gz	R1	Rev_SB	SB	mESC	mm10
23_MK03_P4_6_Rv	7588_290_23_MK03_P4_6_Rv_TACGCTGC-ATAGCCTT_S290_R2_001.fastq.gz	R2	Rev_SB	SB	mESC	mm10
23_MK03_P4_7_Rv	7588_291_23_MK03_P4_7_Rv_ATGCGCAG-ATAGCCTT_S291_R1_001.fastq.gz	R1	Rev_SB	SB	mESC	mm10
23_MK03_P4_7_Rv	7588_291_23_MK03_P4_7_Rv_ATGCGCAG-ATAGCCTT_S291_R2_001.fastq.gz	R2	Rev_SB	SB	mESC	mm10
23_MK03_P4_8_Rv	7588_292_23_MK03_P4_8_Rv_TAGCGCTC-ATAGCCTT_S292_R1_001.fastq.gz	R1	Rev_SB	SB	mESC	mm10
23_MK03_P4_8_Rv	7588_292_23_MK03_P4_8_Rv_TAGCGCTC-ATAGCCTT_S292_R2_001.fastq.gz	R2	Rev_SB	SB	mESC	mm10
23_MK03_P4_9_Rv	7588_293_23_MK03_P4_9_Rv_ACTGAGCG-ATAGCCTT_S293_R1_001.fastq.gz	R1	Rev_SB	SB	mESC	mm10
23_MK03_P4_9_Rv	7588_293_23_MK03_P4_9_Rv_ACTGAGCG-ATAGCCTT_S293_R2_001.fastq.gz	R2	Rev_SB	SB	mESC	mm10
23_MK03_P4_10_Rv	7588_294_23_MK03_P4_10_Rv_CCTAAGAC-ATAGCCTT_S294_R1_001.fastq.gz	R1	Rev_SB	SB	mESC	mm10
23_MK03_P4_10_Rv	7588_294_23_MK03_P4_10_Rv_CCTAAGAC-ATAGCCTT_S294_R2_001.fastq.gz	R2	Rev_SB	SB	mESC	mm10
23_MK03_P5_1_Rv	7588_295_23_MK03_P5_1_Rv_ATCTCAGG-TAAGGCTC_S295_R1_001.fastq.gz	R1	Rev_SB	SB	mESC	mm10
23_MK03_P5_1_Rv	7588_295_23_MK03_P5_1_Rv_ATCTCAGG-TAAGGCTC_S295_R2_001.fastq.gz	R2	Rev_SB	SB	mESC	mm10
23_MK03_P5_2_Rv	7588_296_23_MK03_P5_2_Rv_ACTCGCTA-TAAGGCTC_S296_R1_001.fastq.gz	R1	Rev_SB	SB	mESC	mm10
23_MK03_P5_2_Rv	7588_296_23_MK03_P5_2_Rv_ACTCGCTA-TAAGGCTC_S296_R2_001.fastq.gz	R2	Rev_SB	SB	mESC	mm10
23_MK03_P5_3_Rv	7588_297_23_MK03_P5_3_Rv_GGAGCTAC-TAAGGCTC_S297_R1_001.fastq.gz	R1	Rev_SB	SB	mESC	mm10
23_MK03_P5_3_Rv	7588_297_23_MK03_P5_3_Rv_GGAGCTAC-TAAGGCTC_S297_R2_001.fastq.gz	R2	Rev_SB	SB	mESC	mm10
23_MK03_P5_4_Rv	7588_298_23_MK03_P5_4_Rv_GCGTAGTA-TAAGGCTC_S298_R1_001.fastq.gz	R1	Rev_SB	SB	mESC	mm10
23_MK03_P5_4_Rv	7588_298_23_MK03_P5_4_Rv_GCGTAGTA-TAAGGCTC_S298_R2_001.fastq.gz	R2	Rev_SB	SB	mESC	mm10
23_MK03_P5_5_Rv	7588_299_23_MK03_P5_5_Rv_CGGAGCCT-TAAGGCTC_S299_R1_001.fastq.gz	R1	Rev_SB	SB	mESC	mm10
23_MK03_P5_5_Rv	7588_299_23_MK03_P5_5_Rv_CGGAGCCT-TAAGGCTC_S299_R2_001.fastq.gz	R2	Rev_SB	SB	mESC	mm10
23_MK03_P5_6_Rv	7588_300_23_MK03_P5_6_Rv_TACGCTGC-TAAGGCTC_S300_R1_001.fastq.gz	R1	Rev_SB	SB	mESC	mm10
23_MK03_P5_6_Rv	7588_300_23_MK03_P5_6_Rv_TACGCTGC-TAAGGCTC_S300_R2_001.fastq.gz	R2	Rev_SB	SB	mESC	mm10
23_MK03_P5_7_Rv	7588_301_23_MK03_P5_7_Rv_ATGCGCAG-TAAGGCTC_S301_R1_001.fastq.gz	R1	Rev_SB	SB	mESC	mm10
23_MK03_P5_7_Rv	7588_301_23_MK03_P5_7_Rv_ATGCGCAG-TAAGGCTC_S301_R2_001.fastq.gz	R2	Rev_SB	SB	mESC	mm10
23_MK03_P5_8_Rv	7588_302_23_MK03_P5_8_Rv_TAGCGCTC-TAAGGCTC_S302_R1_001.fastq.gz	R1	Rev_SB	SB	mESC	mm10
23_MK03_P5_8_Rv	7588_302_23_MK03_P5_8_Rv_TAGCGCTC-TAAGGCTC_S302_R2_001.fastq.gz	R2	Rev_SB	SB	mESC	mm10
23_MK03_P5_9_Rv	7588_303_23_MK03_P5_9_Rv_ACTGAGCG-TAAGGCTC_S303_R1_001.fastq.gz	R1	Rev_SB	SB	mESC	mm10
23_MK03_P5_9_Rv	7588_303_23_MK03_P5_9_Rv_ACTGAGCG-TAAGGCTC_S303_R2_001.fastq.gz	R2	Rev_SB	SB	mESC	mm10
23_MK03_P5_10_Rv	7588_304_23_MK03_P5_10_Rv_CCTAAGAC-TAAGGCTC_S304_R1_001.fastq.gz	R1	Rev_SB	SB	mESC	mm10
23_MK03_P5_10_Rv	7588_304_23_MK03_P5_10_Rv_CCTAAGAC-TAAGGCTC_S304_R2_001.fastq.gz	R2	Rev_SB	SB	mESC	mm10
23_MK03_P6_1_Rv	7588_305_23_MK03_P6_1_Rv_ATCTCAGG-TCGCATAA_S305_R1_001.fastq.gz	R1	Rev_SB	SB	mESC	mm10
23_MK03_P6_1_Rv	7588_305_23_MK03_P6_1_Rv_ATCTCAGG-TCGCATAA_S305_R2_001.fastq.gz	R2	Rev_SB	SB	mESC	mm10
23_MK03_P6_2_Rv	7588_306_23_MK03_P6_2_Rv_ACTCGCTA-TCGCATAA_S306_R1_001.fastq.gz	R1	Rev_SB	SB	mESC	mm10
23_MK03_P6_2_Rv	7588_306_23_MK03_P6_2_Rv_ACTCGCTA-TCGCATAA_S306_R2_001.fastq.gz	R2	Rev_SB	SB	mESC	mm10
23_MK03_P6_3_Rv	7588_307_23_MK03_P6_3_Rv_GGAGCTAC-TCGCATAA_S307_R1_001.fastq.gz	R1	Rev_SB	SB	mESC	mm10
23_MK03_P6_3_Rv	7588_307_23_MK03_P6_3_Rv_GGAGCTAC-TCGCATAA_S307_R2_001.fastq.gz	R2	Rev_SB	SB	mESC	mm10
23_MK03_P6_4_Rv	7588_308_23_MK03_P6_4_Rv_GCGTAGTA-TCGCATAA_S308_R1_001.fastq.gz	R1	Rev_SB	SB	mESC	mm10
23_MK03_P6_4_Rv	7588_308_23_MK03_P6_4_Rv_GCGTAGTA-TCGCATAA_S308_R2_001.fastq.gz	R2	Rev_SB	SB	mESC	mm10
23_MK03_P6_5_Rv	7588_309_23_MK03_P6_5_Rv_CGGAGCCT-TCGCATAA_S309_R1_001.fastq.gz	R1	Rev_SB	SB	mESC	mm10
23_MK03_P6_5_Rv	7588_309_23_MK03_P6_5_Rv_CGGAGCCT-TCGCATAA_S309_R2_001.fastq.gz	R2	Rev_SB	SB	mESC	mm10
23_MK03_P6_6_Rv	7588_310_23_MK03_P6_6_Rv_TACGCTGC-TCGCATAA_S310_R1_001.fastq.gz	R1	Rev_SB	SB	mESC	mm10
23_MK03_P6_6_Rv	7588_310_23_MK03_P6_6_Rv_TACGCTGC-TCGCATAA_S310_R2_001.fastq.gz	R2	Rev_SB	SB	mESC	mm10
23_MK03_P6_7_Rv	7588_311_23_MK03_P6_7_Rv_ATGCGCAG-TCGCATAA_S311_R1_001.fastq.gz	R1	Rev_SB	SB	mESC	mm10
23_MK03_P6_7_Rv	7588_311_23_MK03_P6_7_Rv_ATGCGCAG-TCGCATAA_S311_R2_001.fastq.gz	R2	Rev_SB	SB	mESC	mm10
23_MK03_P6_8_Rv	7588_312_23_MK03_P6_8_Rv_TAGCGCTC-TCGCATAA_S312_R1_001.fastq.gz	R1	Rev_SB	SB	mESC	mm10
23_MK03_P6_8_Rv	7588_312_23_MK03_P6_8_Rv_TAGCGCTC-TCGCATAA_S312_R2_001.fastq.gz	R2	Rev_SB	SB	mESC	mm10
23_MK03_P6_9_Rv	7588_313_23_MK03_P6_9_Rv_ACTGAGCG-TCGCATAA_S313_R1_001.fastq.gz	R1	Rev_SB	SB	mESC	mm10
23_MK03_P6_9_Rv	7588_313_23_MK03_P6_9_Rv_ACTGAGCG-TCGCATAA_S313_R2_001.fastq.gz	R2	Rev_SB	SB	mESC	mm10
23_MK03_P6_10_Rv	7588_314_23_MK03_P6_10_Rv_CCTAAGAC-TCGCATAA_S314_R1_001.fastq.gz	R1	Rev_SB	SB	mESC	mm10
23_MK03_P6_10_Rv	7588_314_23_MK03_P6_10_Rv_CCTAAGAC-TCGCATAA_S314_R2_001.fastq.gz	R2	Rev_SB	SB	mESC	mm10
